Party,Title,Topic,Stance,Content
ΝΔ,Γάμος Ομόφυλων Ζευγαριών (2024),Κοινωνική Πολιτική,ΥΠΕΡ,Το κόμμα ΝΔ ψήφισε 'ΥΠΕΡ' στο νομοσχέδιο 'Γάμος Ομόφυλων Ζευγαριών (2024)' που αφορά την κατηγορία: Κοινωνική Πολιτική.
ΕΛΑΣ,Γάμος Ομόφυλων Ζευγαριών (2024),Κοινωνική Πολιτική,ΥΠΕΡ,Το κόμμα ΕΛΑΣ ψήφισε 'ΥΠΕΡ' στο νομοσχέδιο 'Γάμος Ομόφυλων Ζευγαριών (2024)' που αφορά την κατηγορία: Κοινωνική Πολιτική.
ΠΑΣΟΚ,Γάμος Ομόφυλων Ζευγαριών (2024),Κοινωνική Πολιτική,ΥΠΕΡ,Το κόμμα ΠΑΣΟΚ ψήφισε 'ΥΠΕΡ' στο νομοσχέδιο 'Γάμος Ομόφυλων Ζευγαριών (2024)' που αφορά την κατηγορία: Κοινωνική Πολιτική.
ΚΚΕ,Γάμος Ομόφυλων Ζευγαριών (2024),Κοινωνική Πολιτική,ΚΑΤΑ,Το κόμμα ΚΚΕ ψήφισε 'ΚΑΤΑ' στο νομοσχέδιο 'Γάμος Ομόφυλων Ζευγαριών (2024)' που αφορά την κατηγορία: Κοινωνική Πολιτική.
Ελληνική_Λύση,Γάμος Ομόφυλων Ζευγαριών (2024),Κοινωνική Πολιτική,ΚΑΤΑ,Το κόμμα Ελληνική_Λύση ψήφισε 'ΚΑΤΑ' στο νομοσχέδιο 'Γάμος Ομόφυλων Ζευγαριών (2024)' που αφορά την κατηγορία: Κοινωνική Πολιτική.
Πλεύση_Ελευθερίας,Γάμος Ομόφυλων Ζευγαριών (2024),Κοινωνική Πολιτική,ΥΠΕΡ,Το κόμμα Πλεύση_Ελευθερίας ψήφισε 'ΥΠΕΡ' στο νομοσχέδιο 'Γάμος Ομόφυλων Ζευγαριών (2024)' που αφορά την κατηγορία: Κοινωνική Πολιτική.
ΜέΡΑ25,Γάμος Ομόφυλων Ζευγαριών (2024),Κοινωνική Πολιτική,ΥΠΕΡ,Το κόμμα ΜέΡΑ25 ψήφισε 'ΥΠΕΡ' στο νομοσχέδιο 'Γάμος Ομόφυλων Ζευγαριών (2024)' που αφορά την κατηγορία: Κοινωνική Πολιτική.
Φωνή_Λογικής,Γάμος Ομόφυλων Ζευγαριών (2024),Κοινωνική Πολιτική,ΚΑΤΑ,Το κόμμα Φωνή_Λογικής ψήφισε 'ΚΑΤΑ' στο νομοσχέδιο 'Γάμος Ομόφυλων Ζευγαριών (2024)' που αφορά την κατηγορία: Κοινωνική Πολιτική.
Εθνικό_Κόμμα_Έλληνες,Γάμος Ομόφυλων Ζευγαριών (2024),Κοινωνική Πολιτική,ΚΑΤΑ,Το κόμμα Εθνικό_Κόμμα_Έλληνες ψήφισε 'ΚΑΤΑ' στο νομοσχέδιο 'Γάμος Ομόφυλων Ζευγαριών (2024)' που αφορά την κατηγορία: Κοινωνική Πολιτική.
ΝΔ,Ίδρυση Μη Κρατικών Πανεπιστημίων (2024),Παιδεία,ΥΠΕΡ,Το κόμμα ΝΔ ψήφισε 'ΥΠΕΡ' στο νομοσχέδιο 'Ίδρυση Μη Κρατικών Πανεπιστημίων (2024)' που αφορά την κατηγορία: Παιδεία.
ΕΛΑΣ,Ίδρυση Μη Κρατικών Πανεπιστημίων (2024),Παιδεία,ΚΑΤΑ,Το κόμμα ΕΛΑΣ ψήφισε 'ΚΑΤΑ' στο νομοσχέδιο 'Ίδρυση Μη Κρατικών Πανεπιστημίων (2024)' που αφορά την κατηγορία: Παιδεία.
ΠΑΣΟΚ,Ίδρυση Μη Κρατικών Πανεπιστημίων (2024),Παιδεία,ΚΑΤΑ,Το κόμμα ΠΑΣΟΚ ψήφισε 'ΚΑΤΑ' στο νομοσχέδιο 'Ίδρυση Μη Κρατικών Πανεπιστημίων (2024)' που αφορά την κατηγορία: Παιδεία.
ΚΚΕ,Ίδρυση Μη Κρατικών Πανεπιστημίων (2024),Παιδεία,ΚΑΤΑ,Το κόμμα ΚΚΕ ψήφισε 'ΚΑΤΑ' στο νομοσχέδιο 'Ίδρυση Μη Κρατικών Πανεπιστημίων (2024)' που αφορά την κατηγορία: Παιδεία.
Ελληνική_Λύση,Ίδρυση Μη Κρατικών Πανεπιστημίων (2024),Παιδεία,ΚΑΤΑ,Το κόμμα Ελληνική_Λύση ψήφισε 'ΚΑΤΑ' στο νομοσχέδιο 'Ίδρυση Μη Κρατικών Πανεπιστημίων (2024)' που αφορά την κατηγορία: Παιδεία.
Πλεύση_Ελευθερίας,Ίδρυση Μη Κρατικών Πανεπιστημίων (2024),Παιδεία,ΚΑΤΑ,Το κόμμα Πλεύση_Ελευθερίας ψήφισε 'ΚΑΤΑ' στο νομοσχέδιο 'Ίδρυση Μη Κρατικών Πανεπιστημίων (2024)' που αφορά την κατηγορία: Παιδεία.
ΜέΡΑ25,Ίδρυση Μη Κρατικών Πανεπιστημίων (2024),Παιδεία,ΚΑΤΑ,Το κόμμα ΜέΡΑ25 ψήφισε 'ΚΑΤΑ' στο νομοσχέδιο 'Ίδρυση Μη Κρατικών Πανεπιστημίων (2024)' που αφορά την κατηγορία: Παιδεία.
Φωνή_Λογικής,Ίδρυση Μη Κρατικών Πανεπιστημίων (2024),Παιδεία,ΥΠΕΡ,Το κόμμα Φωνή_Λογικής ψήφισε 'ΥΠΕΡ' στο νομοσχέδιο 'Ίδρυση Μη Κρατικών Πανεπιστημίων (2024)' που αφορά την κατηγορία: Παιδεία.
Εθνικό_Κόμμα_Έλληνες,Ίδρυση Μη Κρατικών Πανεπιστημίων (2024),Παιδεία,ΚΑΤΑ,Το κόμμα Εθνικό_Κόμμα_Έλληνες ψήφισε 'ΚΑΤΑ' στο νομοσχέδιο 'Ίδρυση Μη Κρατικών Πανεπιστημίων (2024)' που αφορά την κατηγορία: Παιδεία.
ΝΔ,Επιστολική Ψήφος (2024),Θεσμοί,ΥΠΕΡ,Το κόμμα ΝΔ ψήφισε 'ΥΠΕΡ' στο νομοσχέδιο 'Επιστολική Ψήφος (2024)' που αφορά την κατηγορία: Θεσμοί.
ΕΛΑΣ,Επιστολική Ψήφος (2024),Θεσμοί,ΚΑΤΑ,Το κόμμα ΕΛΑΣ ψήφισε 'ΚΑΤΑ' στο νομοσχέδιο 'Επιστολική Ψήφος (2024)' που αφορά την κατηγορία: Θεσμοί.
ΠΑΣΟΚ,Επιστολική Ψήφος (2024),Θεσμοί,ΚΑΤΑ,Το κόμμα ΠΑΣΟΚ ψήφισε 'ΚΑΤΑ' στο νομοσχέδιο 'Επιστολική Ψήφος (2024)' που αφορά την κατηγορία: Θεσμοί.
ΚΚΕ,Επιστολική Ψήφος (2024),Θεσμοί,ΚΑΤΑ,Το κόμμα ΚΚΕ ψήφισε 'ΚΑΤΑ' στο νομοσχέδιο 'Επιστολική Ψήφος (2024)' που αφορά την κατηγορία: Θεσμοί.
Ελληνική_Λύση,Επιστολική Ψήφος (2024),Θεσμοί,ΚΑΤΑ,Το κόμμα Ελληνική_Λύση ψήφισε 'ΚΑΤΑ' στο νομοσχέδιο 'Επιστολική Ψήφος (2024)' που αφορά την κατηγορία: Θεσμοί.
Πλεύση_Ελευθερίας,Επιστολική Ψήφος (2024),Θεσμοί,ΚΑΤΑ,Το κόμμα Πλεύση_Ελευθερίας ψήφισε 'ΚΑΤΑ' στο νομοσχέδιο 'Επιστολική Ψήφος (2024)' που αφορά την κατηγορία: Θεσμοί.
ΜέΡΑ25,Επιστολική Ψήφος (2024),Θεσμοί,ΚΑΤΑ,Το κόμμα ΜέΡΑ25 ψήφισε 'ΚΑΤΑ' στο νομοσχέδιο 'Επιστολική Ψήφος (2024)' που αφορά την κατηγορία: Θεσμοί.
Φωνή_Λογικής,Επιστολική Ψήφος (2024),Θεσμοί,ΥΠΕΡ,Το κόμμα Φωνή_Λογικής ψήφισε 'ΥΠΕΡ' στο νομοσχέδιο 'Επιστολική Ψήφος (2024)' που αφορά την κατηγορία: Θεσμοί.
Εθνικό_Κόμμα_Έλληνες,Επιστολική Ψήφος (2024),Θεσμοί,ΚΑΤΑ,Το κόμμα Εθνικό_Κόμμα_Έλληνες ψήφισε 'ΚΑΤΑ' στο νομοσχέδιο 'Επιστολική Ψήφος (2024)' που αφορά την κατηγορία: Θεσμοί.
ΝΔ,Αμυντική Συμφωνία Ελλάδας-Γαλλίας (Rafale/Belharra) (2021),Άμυνα,ΥΠΕΡ,Το κόμμα ΝΔ ψήφισε 'ΥΠΕΡ' στο νομοσχέδιο 'Αμυντική Συμφωνία Ελλάδας-Γαλλίας (Rafale/Belharra) (2021)' που αφορά την κατηγορία: Άμυνα.
ΕΛΑΣ,Αμυντική Συμφωνία Ελλάδας-Γαλλίας (Rafale/Belharra) (2021),Άμυνα,ΚΑΤΑ,Το κόμμα ΕΛΑΣ ψήφισε 'ΚΑΤΑ' στο νομοσχέδιο 'Αμυντική Συμφωνία Ελλάδας-Γαλλίας (Rafale/Belharra) (2021)' που αφορά την κατηγορία: Άμυνα.
ΠΑΣΟΚ,Αμυντική Συμφωνία Ελλάδας-Γαλλίας (Rafale/Belharra) (2021),Άμυνα,ΥΠΕΡ,Το κόμμα ΠΑΣΟΚ ψήφισε 'ΥΠΕΡ' στο νομοσχέδιο 'Αμυντική Συμφωνία Ελλάδας-Γαλλίας (Rafale/Belharra) (2021)' που αφορά την κατηγορία: Άμυνα.
ΚΚΕ,Αμυντική Συμφωνία Ελλάδας-Γαλλίας (Rafale/Belharra) (2021),Άμυνα,ΚΑΤΑ,Το κόμμα ΚΚΕ ψήφισε 'ΚΑΤΑ' στο νομοσχέδιο 'Αμυντική Συμφωνία Ελλάδας-Γαλλίας (Rafale/Belharra) (2021)' που αφορά την κατηγορία: Άμυνα.
Ελληνική_Λύση,Αμυντική Συμφωνία Ελλάδας-Γαλλίας (Rafale/Belharra) (2021),Άμυνα,ΥΠΕΡ,Το κόμμα Ελληνική_Λύση ψήφισε 'ΥΠΕΡ' στο νομοσχέδιο 'Αμυντική Συμφωνία Ελλάδας-Γαλλίας (Rafale/Belharra) (2021)' που αφορά την κατηγορία: Άμυνα.
Πλεύση_Ελευθερίας,Αμυντική Συμφωνία Ελλάδας-Γαλλίας (Rafale/Belharra) (2021),Άμυνα,ΠΑΡΩΝ,Το κόμμα Πλεύση_Ελευθερίας ψήφισε 'ΠΑΡΩΝ' στο νομοσχέδιο 'Αμυντική Συμφωνία Ελλάδας-Γαλλίας (Rafale/Belharra) (2021)' που αφορά την κατηγορία: Άμυνα.
ΜέΡΑ25,Αμυντική Συμφωνία Ελλάδας-Γαλλίας (Rafale/Belharra) (2021),Άμυνα,ΚΑΤΑ,Το κόμμα ΜέΡΑ25 ψήφισε 'ΚΑΤΑ' στο νομοσχέδιο 'Αμυντική Συμφωνία Ελλάδας-Γαλλίας (Rafale/Belharra) (2021)' που αφορά την κατηγορία: Άμυνα.
Φωνή_Λογικής,Αμυντική Συμφωνία Ελλάδας-Γαλλίας (Rafale/Belharra) (2021),Άμυνα,ΥΠΕΡ,Το κόμμα Φωνή_Λογικής ψήφισε 'ΥΠΕΡ' στο νομοσχέδιο 'Αμυντική Συμφωνία Ελλάδας-Γαλλίας (Rafale/Belharra) (2021)' που αφορά την κατηγορία: Άμυνα.
Εθνικό_Κόμμα_Έλληνες,Αμυντική Συμφωνία Ελλάδας-Γαλλίας (Rafale/Belharra) (2021),Άμυνα,ΥΠΕΡ,Το κόμμα Εθνικό_Κόμμα_Έλληνες ψήφισε 'ΥΠΕΡ' στο νομοσχέδιο 'Αμυντική Συμφωνία Ελλάδας-Γαλλίας (Rafale/Belharra) (2021)' που αφορά την κατηγορία: Άμυνα.
ΝΔ,Ελληνοαμερικανική Αμυντική Συμφωνία (MDCA) (2022),Εξωτερική Πολιτική,ΥΠΕΡ,Το κόμμα ΝΔ ψήφισε 'ΥΠΕΡ' στο νομοσχέδιο 'Ελληνοαμερικανική Αμυντική Συμφωνία (MDCA) (2022)' που αφορά την κατηγορία: Εξωτερική Πολιτική.
ΕΛΑΣ,Ελληνοαμερικανική Αμυντική Συμφωνία (MDCA) (2022),Εξωτερική Πολιτική,ΚΑΤΑ,Το κόμμα ΕΛΑΣ ψήφισε 'ΚΑΤΑ' στο νομοσχέδιο 'Ελληνοαμερικανική Αμυντική Συμφωνία (MDCA) (2022)' που αφορά την κατηγορία: Εξωτερική Πολιτική.
ΠΑΣΟΚ,Ελληνοαμερικανική Αμυντική Συμφωνία (MDCA) (2022),Εξωτερική Πολιτική,ΥΠΕΡ,Το κόμμα ΠΑΣΟΚ ψήφισε 'ΥΠΕΡ' στο νομοσχέδιο 'Ελληνοαμερικανική Αμυντική Συμφωνία (MDCA) (2022)' που αφορά την κατηγορία: Εξωτερική Πολιτική.
ΚΚΕ,Ελληνοαμερικανική Αμυντική Συμφωνία (MDCA) (2022),Εξωτερική Πολιτική,ΚΑΤΑ,Το κόμμα ΚΚΕ ψήφισε 'ΚΑΤΑ' στο νομοσχέδιο 'Ελληνοαμερικανική Αμυντική Συμφωνία (MDCA) (2022)' που αφορά την κατηγορία: Εξωτερική Πολιτική.
Ελληνική_Λύση,Ελληνοαμερικανική Αμυντική Συμφωνία (MDCA) (2022),Εξωτερική Πολιτική,ΚΑΤΑ,Το κόμμα Ελληνική_Λύση ψήφισε 'ΚΑΤΑ' στο νομοσχέδιο 'Ελληνοαμερικανική Αμυντική Συμφωνία (MDCA) (2022)' που αφορά την κατηγορία: Εξωτερική Πολιτική.
Πλεύση_Ελευθερίας,Ελληνοαμερικανική Αμυντική Συμφωνία (MDCA) (2022),Εξωτερική Πολιτική,ΚΑΤΑ,Το κόμμα Πλεύση_Ελευθερίας ψήφισε 'ΚΑΤΑ' στο νομοσχέδιο 'Ελληνοαμερικανική Αμυντική Συμφωνία (MDCA) (2022)' που αφορά την κατηγορία: Εξωτερική Πολιτική.
ΜέΡΑ25,Ελληνοαμερικανική Αμυντική Συμφωνία (MDCA) (2022),Εξωτερική Πολιτική,ΚΑΤΑ,Το κόμμα ΜέΡΑ25 ψήφισε 'ΚΑΤΑ' στο νομοσχέδιο 'Ελληνοαμερικανική Αμυντική Συμφωνία (MDCA) (2022)' που αφορά την κατηγορία: Εξωτερική Πολιτική.
Φωνή_Λογικής,Ελληνοαμερικανική Αμυντική Συμφωνία (MDCA) (2022),Εξωτερική Πολιτική,ΥΠΕΡ,Το κόμμα Φωνή_Λογικής ψήφισε 'ΥΠΕΡ' στο νομοσχέδιο 'Ελληνοαμερικανική Αμυντική Συμφωνία (MDCA) (2022)' που αφορά την κατηγορία: Εξωτερική Πολιτική.
Εθνικό_Κόμμα_Έλληνες,Ελληνοαμερικανική Αμυντική Συμφωνία (MDCA) (2022),Εξωτερική Πολιτική,ΚΑΤΑ,Το κόμμα Εθνικό_Κόμμα_Έλληνες ψήφισε 'ΚΑΤΑ' στο νομοσχέδιο 'Ελληνοαμερικανική Αμυντική Συμφωνία (MDCA) (2022)' που αφορά την κατηγορία: Εξωτερική Πολιτική.
ΝΔ,Νέος Ποινικός Κώδικας - Αυστηροποίηση Ποινών (2024),Δικαιοσύνη,ΥΠΕΡ,Το κόμμα ΝΔ ψήφισε 'ΥΠΕΡ' στο νομοσχέδιο 'Νέος Ποινικός Κώδικας - Αυστηροποίηση Ποινών (2024)' που αφορά την κατηγορία: Δικαιοσύνη.
ΕΛΑΣ,Νέος Ποινικός Κώδικας - Αυστηροποίηση Ποινών (2024),Δικαιοσύνη,ΚΑΤΑ,Το κόμμα ΕΛΑΣ ψήφισε 'ΚΑΤΑ' στο νομοσχέδιο 'Νέος Ποινικός Κώδικας - Αυστηροποίηση Ποινών (2024)' που αφορά την κατηγορία: Δικαιοσύνη.
ΠΑΣΟΚ,Νέος Ποινικός Κώδικας - Αυστηροποίηση Ποινών (2024),Δικαιοσύνη,ΚΑΤΑ,Το κόμμα ΠΑΣΟΚ ψήφισε 'ΚΑΤΑ' στο νομοσχέδιο 'Νέος Ποινικός Κώδικας - Αυστηροποίηση Ποινών (2024)' που αφορά την κατηγορία: Δικαιοσύνη.
ΚΚΕ,Νέος Ποινικός Κώδικας - Αυστηροποίηση Ποινών (2024),Δικαιοσύνη,ΚΑΤΑ,Το κόμμα ΚΚΕ ψήφισε 'ΚΑΤΑ' στο νομοσχέδιο 'Νέος Ποινικός Κώδικας - Αυστηροποίηση Ποινών (2024)' που αφορά την κατηγορία: Δικαιοσύνη.
Ελληνική_Λύση,Νέος Ποινικός Κώδικας - Αυστηροποίηση Ποινών (2024),Δικαιοσύνη,ΠΑΡΩΝ,Το κόμμα Ελληνική_Λύση ψήφισε 'ΠΑΡΩΝ' στο νομοσχέδιο 'Νέος Ποινικός Κώδικας - Αυστηροποίηση Ποινών (2024)' που αφορά την κατηγορία: Δικαιοσύνη.
Πλεύση_Ελευθερίας,Νέος Ποινικός Κώδικας - Αυστηροποίηση Ποινών (2024),Δικαιοσύνη,ΚΑΤΑ,Το κόμμα Πλεύση_Ελευθερίας ψήφισε 'ΚΑΤΑ' στο νομοσχέδιο 'Νέος Ποινικός Κώδικας - Αυστηροποίηση Ποινών (2024)' που αφορά την κατηγορία: Δικαιοσύνη.
ΜέΡΑ25,Νέος Ποινικός Κώδικας - Αυστηροποίηση Ποινών (2024),Δικαιοσύνη,ΚΑΤΑ,Το κόμμα ΜέΡΑ25 ψήφισε 'ΚΑΤΑ' στο νομοσχέδιο 'Νέος Ποινικός Κώδικας - Αυστηροποίηση Ποινών (2024)' που αφορά την κατηγορία: Δικαιοσύνη.
Φωνή_Λογικής,Νέος Ποινικός Κώδικας - Αυστηροποίηση Ποινών (2024),Δικαιοσύνη,ΥΠΕΡ,Το κόμμα Φωνή_Λογικής ψήφισε 'ΥΠΕΡ' στο νομοσχέδιο 'Νέος Ποινικός Κώδικας - Αυστηροποίηση Ποινών (2024)' που αφορά την κατηγορία: Δικαιοσύνη.
Εθνικό_Κόμμα_Έλληνες,Νέος Ποινικός Κώδικας - Αυστηροποίηση Ποινών (2024),Δικαιοσύνη,ΥΠΕΡ,Το κόμμα Εθνικό_Κόμμα_Έλληνες ψήφισε 'ΥΠΕΡ' στο νομοσχέδιο 'Νέος Ποινικός Κώδικας - Αυστηροποίηση Ποινών (2024)' που αφορά την κατηγορία: Δικαιοσύνη.
ΝΔ,Εργασιακό Νομοσχέδιο (Νόμος Γεωργιάδη - 13 ώρες) (2023),Εργασία,ΥΠΕΡ,Το κόμμα ΝΔ ψήφισε 'ΥΠΕΡ' στο νομοσχέδιο 'Εργασιακό Νομοσχέδιο (Νόμος Γεωργιάδη - 13 ώρες) (2023)' που αφορά την κατηγορία: Εργασία.
ΕΛΑΣ,Εργασιακό Νομοσχέδιο (Νόμος Γεωργιάδη - 13 ώρες) (2023),Εργασία,ΚΑΤΑ,Το κόμμα ΕΛΑΣ ψήφισε 'ΚΑΤΑ' στο νομοσχέδιο 'Εργασιακό Νομοσχέδιο (Νόμος Γεωργιάδη - 13 ώρες) (2023)' που αφορά την κατηγορία: Εργασία.
ΠΑΣΟΚ,Εργασιακό Νομοσχέδιο (Νόμος Γεωργιάδη - 13 ώρες) (2023),Εργασία,ΚΑΤΑ,Το κόμμα ΠΑΣΟΚ ψήφισε 'ΚΑΤΑ' στο νομοσχέδιο 'Εργασιακό Νομοσχέδιο (Νόμος Γεωργιάδη - 13 ώρες) (2023)' που αφορά την κατηγορία: Εργασία.
ΚΚΕ,Εργασιακό Νομοσχέδιο (Νόμος Γεωργιάδη - 13 ώρες) (2023),Εργασία,ΚΑΤΑ,Το κόμμα ΚΚΕ ψήφισε 'ΚΑΤΑ' στο νομοσχέδιο 'Εργασιακό Νομοσχέδιο (Νόμος Γεωργιάδη - 13 ώρες) (2023)' που αφορά την κατηγορία: Εργασία.
Ελληνική_Λύση,Εργασιακό Νομοσχέδιο (Νόμος Γεωργιάδη - 13 ώρες) (2023),Εργασία,ΚΑΤΑ,Το κόμμα Ελληνική_Λύση ψήφισε 'ΚΑΤΑ' στο νομοσχέδιο 'Εργασιακό Νομοσχέδιο (Νόμος Γεωργιάδη - 13 ώρες) (2023)' που αφορά την κατηγορία: Εργασία.
Πλεύση_Ελευθερίας,Εργασιακό Νομοσχέδιο (Νόμος Γεωργιάδη - 13 ώρες) (2023),Εργασία,ΚΑΤΑ,Το κόμμα Πλεύση_Ελευθερίας ψήφισε 'ΚΑΤΑ' στο νομοσχέδιο 'Εργασιακό Νομοσχέδιο (Νόμος Γεωργιάδη - 13 ώρες) (2023)' που αφορά την κατηγορία: Εργασία.
ΜέΡΑ25,Εργασιακό Νομοσχέδιο (Νόμος Γεωργιάδη - 13 ώρες) (2023),Εργασία,ΚΑΤΑ,Το κόμμα ΜέΡΑ25 ψήφισε 'ΚΑΤΑ' στο νομοσχέδιο 'Εργασιακό Νομοσχέδιο (Νόμος Γεωργιάδη - 13 ώρες) (2023)' που αφορά την κατηγορία: Εργασία.
Φωνή_Λογικής,Εργασιακό Νομοσχέδιο (Νόμος Γεωργιάδη - 13 ώρες) (2023),Εργασία,ΥΠΕΡ,Το κόμμα Φωνή_Λογικής ψήφισε 'ΥΠΕΡ' στο νομοσχέδιο 'Εργασιακό Νομοσχέδιο (Νόμος Γεωργιάδη - 13 ώρες) (2023)' που αφορά την κατηγορία: Εργασία.
Εθνικό_Κόμμα_Έλληνες,Εργασιακό Νομοσχέδιο (Νόμος Γεωργιάδη - 13 ώρες) (2023),Εργασία,ΚΑΤΑ,Το κόμμα Εθνικό_Κόμμα_Έλληνες ψήφισε 'ΚΑΤΑ' στο νομοσχέδιο 'Εργασιακό Νομοσχέδιο (Νόμος Γεωργιάδη - 13 ώρες) (2023)' που αφορά την κατηγορία: Εργασία.
ΝΔ,Εργασιακό Νομοσχέδιο (Νόμος Χατζηδάκη - Διευθέτηση) (2021),Εργασία,ΥΠΕΡ,Το κόμμα ΝΔ ψήφισε 'ΥΠΕΡ' στο νομοσχέδιο 'Εργασιακό Νομοσχέδιο (Νόμος Χατζηδάκη - Διευθέτηση) (2021)' που αφορά την κατηγορία: Εργασία.
ΕΛΑΣ,Εργασιακό Νομοσχέδιο (Νόμος Χατζηδάκη - Διευθέτηση) (2021),Εργασία,ΚΑΤΑ,Το κόμμα ΕΛΑΣ ψήφισε 'ΚΑΤΑ' στο νομοσχέδιο 'Εργασιακό Νομοσχέδιο (Νόμος Χατζηδάκη - Διευθέτηση) (2021)' που αφορά την κατηγορία: Εργασία.
ΠΑΣΟΚ,Εργασιακό Νομοσχέδιο (Νόμος Χατζηδάκη - Διευθέτηση) (2021),Εργασία,ΚΑΤΑ,Το κόμμα ΠΑΣΟΚ ψήφισε 'ΚΑΤΑ' στο νομοσχέδιο 'Εργασιακό Νομοσχέδιο (Νόμος Χατζηδάκη - Διευθέτηση) (2021)' που αφορά την κατηγορία: Εργασία.
ΚΚΕ,Εργασιακό Νομοσχέδιο (Νόμος Χατζηδάκη - Διευθέτηση) (2021),Εργασία,ΚΑΤΑ,Το κόμμα ΚΚΕ ψήφισε 'ΚΑΤΑ' στο νομοσχέδιο 'Εργασιακό Νομοσχέδιο (Νόμος Χατζηδάκη - Διευθέτηση) (2021)' που αφορά την κατηγορία: Εργασία.
Ελληνική_Λύση,Εργασιακό Νομοσχέδιο (Νόμος Χατζηδάκη - Διευθέτηση) (2021),Εργασία,ΚΑΤΑ,Το κόμμα Ελληνική_Λύση ψήφισε 'ΚΑΤΑ' στο νομοσχέδιο 'Εργασιακό Νομοσχέδιο (Νόμος Χατζηδάκη - Διευθέτηση) (2021)' που αφορά την κατηγορία: Εργασία.
Πλεύση_Ελευθερίας,Εργασιακό Νομοσχέδιο (Νόμος Χατζηδάκη - Διευθέτηση) (2021),Εργασία,ΚΑΤΑ,Το κόμμα Πλεύση_Ελευθερίας ψήφισε 'ΚΑΤΑ' στο νομοσχέδιο 'Εργασιακό Νομοσχέδιο (Νόμος Χατζηδάκη - Διευθέτηση) (2021)' που αφορά την κατηγορία: Εργασία.
ΜέΡΑ25,Εργασιακό Νομοσχέδιο (Νόμος Χατζηδάκη - Διευθέτηση) (2021),Εργασία,ΚΑΤΑ,Το κόμμα ΜέΡΑ25 ψήφισε 'ΚΑΤΑ' στο νομοσχέδιο 'Εργασιακό Νομοσχέδιο (Νόμος Χατζηδάκη - Διευθέτηση) (2021)' που αφορά την κατηγορία: Εργασία.
Φωνή_Λογικής,Εργασιακό Νομοσχέδιο (Νόμος Χατζηδάκη - Διευθέτηση) (2021),Εργασία,ΥΠΕΡ,Το κόμμα Φωνή_Λογικής ψήφισε 'ΥΠΕΡ' στο νομοσχέδιο 'Εργασιακό Νομοσχέδιο (Νόμος Χατζηδάκη - Διευθέτηση) (2021)' που αφορά την κατηγορία: Εργασία.
Εθνικό_Κόμμα_Έλληνες,Εργασιακό Νομοσχέδιο (Νόμος Χατζηδάκη - Διευθέτηση) (2021),Εργασία,ΚΑΤΑ,Το κόμμα Εθνικό_Κόμμα_Έλληνες ψήφισε 'ΚΑΤΑ' στο νομοσχέδιο 'Εργασιακό Νομοσχέδιο (Νόμος Χατζηδάκη - Διευθέτηση) (2021)' που αφορά την κατηγορία: Εργασία.
ΝΔ,Νέο Φορολογικό Νομοσχέδιο (Τεκμαρτό Ελ. Επαγγελματιών) (2023),Οικονομία,ΥΠΕΡ,Το κόμμα ΝΔ ψήφισε 'ΥΠΕΡ' στο νομοσχέδιο 'Νέο Φορολογικό Νομοσχέδιο (Τεκμαρτό Ελ. Επαγγελματιών) (2023)' που αφορά την κατηγορία: Οικονομία.
ΕΛΑΣ,Νέο Φορολογικό Νομοσχέδιο (Τεκμαρτό Ελ. Επαγγελματιών) (2023),Οικονομία,ΚΑΤΑ,Το κόμμα ΕΛΑΣ ψήφισε 'ΚΑΤΑ' στο νομοσχέδιο 'Νέο Φορολογικό Νομοσχέδιο (Τεκμαρτό Ελ. Επαγγελματιών) (2023)' που αφορά την κατηγορία: Οικονομία.
ΠΑΣΟΚ,Νέο Φορολογικό Νομοσχέδιο (Τεκμαρτό Ελ. Επαγγελματιών) (2023),Οικονομία,ΚΑΤΑ,Το κόμμα ΠΑΣΟΚ ψήφισε 'ΚΑΤΑ' στο νομοσχέδιο 'Νέο Φορολογικό Νομοσχέδιο (Τεκμαρτό Ελ. Επαγγελματιών) (2023)' που αφορά την κατηγορία: Οικονομία.
ΚΚΕ,Νέο Φορολογικό Νομοσχέδιο (Τεκμαρτό Ελ. Επαγγελματιών) (2023),Οικονομία,ΚΑΤΑ,Το κόμμα ΚΚΕ ψήφισε 'ΚΑΤΑ' στο νομοσχέδιο 'Νέο Φορολογικό Νομοσχέδιο (Τεκμαρτό Ελ. Επαγγελματιών) (2023)' που αφορά την κατηγορία: Οικονομία.
Ελληνική_Λύση,Νέο Φορολογικό Νομοσχέδιο (Τεκμαρτό Ελ. Επαγγελματιών) (2023),Οικονομία,ΚΑΤΑ,Το κόμμα Ελληνική_Λύση ψήφισε 'ΚΑΤΑ' στο νομοσχέδιο 'Νέο Φορολογικό Νομοσχέδιο (Τεκμαρτό Ελ. Επαγγελματιών) (2023)' που αφορά την κατηγορία: Οικονομία.
Πλεύση_Ελευθερίας,Νέο Φορολογικό Νομοσχέδιο (Τεκμαρτό Ελ. Επαγγελματιών) (2023),Οικονομία,ΚΑΤΑ,Το κόμμα Πλεύση_Ελευθερίας ψήφισε 'ΚΑΤΑ' στο νομοσχέδιο 'Νέο Φορολογικό Νομοσχέδιο (Τεκμαρτό Ελ. Επαγγελματιών) (2023)' που αφορά την κατηγορία: Οικονομία.
ΜέΡΑ25,Νέο Φορολογικό Νομοσχέδιο (Τεκμαρτό Ελ. Επαγγελματιών) (2023),Οικονομία,ΚΑΤΑ,Το κόμμα ΜέΡΑ25 ψήφισε 'ΚΑΤΑ' στο νομοσχέδιο 'Νέο Φορολογικό Νομοσχέδιο (Τεκμαρτό Ελ. Επαγγελματιών) (2023)' που αφορά την κατηγορία: Οικονομία.
Φωνή_Λογικής,Νέο Φορολογικό Νομοσχέδιο (Τεκμαρτό Ελ. Επαγγελματιών) (2023),Οικονομία,ΚΑΤΑ,Το κόμμα Φωνή_Λογικής ψήφισε 'ΚΑΤΑ' στο νομοσχέδιο 'Νέο Φορολογικό Νομοσχέδιο (Τεκμαρτό Ελ. Επαγγελματιών) (2023)' που αφορά την κατηγορία: Οικονομία.
Εθνικό_Κόμμα_Έλληνες,Νέο Φορολογικό Νομοσχέδιο (Τεκμαρτό Ελ. Επαγγελματιών) (2023),Οικονομία,ΚΑΤΑ,Το κόμμα Εθνικό_Κόμμα_Έλληνες ψήφισε 'ΚΑΤΑ' στο νομοσχέδιο 'Νέο Φορολογικό Νομοσχέδιο (Τεκμαρτό Ελ. Επαγγελματιών) (2023)' που αφορά την κατηγορία: Οικονομία.
ΝΔ,Νομοσχέδιο για την ΕΥΔΑΠ/ΕΥΑΘ - Διαχείριση Υδάτων (2023),Περιβάλλον,ΥΠΕΡ,Το κόμμα ΝΔ ψήφισε 'ΥΠΕΡ' στο νομοσχέδιο 'Νομοσχέδιο για την ΕΥΔΑΠ/ΕΥΑΘ - Διαχείριση Υδάτων (2023)' που αφορά την κατηγορία: Περιβάλλον.
ΕΛΑΣ,Νομοσχέδιο για την ΕΥΔΑΠ/ΕΥΑΘ - Διαχείριση Υδάτων (2023),Περιβάλλον,ΚΑΤΑ,Το κόμμα ΕΛΑΣ ψήφισε 'ΚΑΤΑ' στο νομοσχέδιο 'Νομοσχέδιο για την ΕΥΔΑΠ/ΕΥΑΘ - Διαχείριση Υδάτων (2023)' που αφορά την κατηγορία: Περιβάλλον.
ΠΑΣΟΚ,Νομοσχέδιο για την ΕΥΔΑΠ/ΕΥΑΘ - Διαχείριση Υδάτων (2023),Περιβάλλον,ΚΑΤΑ,Το κόμμα ΠΑΣΟΚ ψήφισε 'ΚΑΤΑ' στο νομοσχέδιο 'Νομοσχέδιο για την ΕΥΔΑΠ/ΕΥΑΘ - Διαχείριση Υδάτων (2023)' που αφορά την κατηγορία: Περιβάλλον.
ΚΚΕ,Νομοσχέδιο για την ΕΥΔΑΠ/ΕΥΑΘ - Διαχείριση Υδάτων (2023),Περιβάλλον,ΚΑΤΑ,Το κόμμα ΚΚΕ ψήφισε 'ΚΑΤΑ' στο νομοσχέδιο 'Νομοσχέδιο για την ΕΥΔΑΠ/ΕΥΑΘ - Διαχείριση Υδάτων (2023)' που αφορά την κατηγορία: Περιβάλλον.
Ελληνική_Λύση,Νομοσχέδιο για την ΕΥΔΑΠ/ΕΥΑΘ - Διαχείριση Υδάτων (2023),Περιβάλλον,ΚΑΤΑ,Το κόμμα Ελληνική_Λύση ψήφισε 'ΚΑΤΑ' στο νομοσχέδιο 'Νομοσχέδιο για την ΕΥΔΑΠ/ΕΥΑΘ - Διαχείριση Υδάτων (2023)' που αφορά την κατηγορία: Περιβάλλον.
Πλεύση_Ελευθερίας,Νομοσχέδιο για την ΕΥΔΑΠ/ΕΥΑΘ - Διαχείριση Υδάτων (2023),Περιβάλλον,ΚΑΤΑ,Το κόμμα Πλεύση_Ελευθερίας ψήφισε 'ΚΑΤΑ' στο νομοσχέδιο 'Νομοσχέδιο για την ΕΥΔΑΠ/ΕΥΑΘ - Διαχείριση Υδάτων (2023)' που αφορά την κατηγορία: Περιβάλλον.
ΜέΡΑ25,Νομοσχέδιο για την ΕΥΔΑΠ/ΕΥΑΘ - Διαχείριση Υδάτων (2023),Περιβάλλον,ΚΑΤΑ,Το κόμμα ΜέΡΑ25 ψήφισε 'ΚΑΤΑ' στο νομοσχέδιο 'Νομοσχέδιο για την ΕΥΔΑΠ/ΕΥΑΘ - Διαχείριση Υδάτων (2023)' που αφορά την κατηγορία: Περιβάλλον.
Φωνή_Λογικής,Νομοσχέδιο για την ΕΥΔΑΠ/ΕΥΑΘ - Διαχείριση Υδάτων (2023),Περιβάλλον,ΥΠΕΡ,Το κόμμα Φωνή_Λογικής ψήφισε 'ΥΠΕΡ' στο νομοσχέδιο 'Νομοσχέδιο για την ΕΥΔΑΠ/ΕΥΑΘ - Διαχείριση Υδάτων (2023)' που αφορά την κατηγορία: Περιβάλλον.
Εθνικό_Κόμμα_Έλληνες,Νομοσχέδιο για την ΕΥΔΑΠ/ΕΥΑΘ - Διαχείριση Υδάτων (2023),Περιβάλλον,ΚΑΤΑ,Το κόμμα Εθνικό_Κόμμα_Έλληνες ψήφισε 'ΚΑΤΑ' στο νομοσχέδιο 'Νομοσχέδιο για την ΕΥΔΑΠ/ΕΥΑΘ - Διαχείριση Υδάτων (2023)' που αφορά την κατηγορία: Περιβάλλον.
ΝΔ,Ιδιωτικοποίηση ΔΕΗ (Πώληση 49% ΔΕΔΔΗΕ) (2021),Οικονομία / Ενέργεια,ΥΠΕΡ,Το κόμμα ΝΔ ψήφισε 'ΥΠΕΡ' στο νομοσχέδιο 'Ιδιωτικοποίηση ΔΕΗ (Πώληση 49% ΔΕΔΔΗΕ) (2021)' που αφορά την κατηγορία: Οικονομία / Ενέργεια.
ΕΛΑΣ,Ιδιωτικοποίηση ΔΕΗ (Πώληση 49% ΔΕΔΔΗΕ) (2021),Οικονομία / Ενέργεια,ΚΑΤΑ,Το κόμμα ΕΛΑΣ ψήφισε 'ΚΑΤΑ' στο νομοσχέδιο 'Ιδιωτικοποίηση ΔΕΗ (Πώληση 49% ΔΕΔΔΗΕ) (2021)' που αφορά την κατηγορία: Οικονομία / Ενέργεια.
ΠΑΣΟΚ,Ιδιωτικοποίηση ΔΕΗ (Πώληση 49% ΔΕΔΔΗΕ) (2021),Οικονομία / Ενέργεια,ΚΑΤΑ,Το κόμμα ΠΑΣΟΚ ψήφισε 'ΚΑΤΑ' στο νομοσχέδιο 'Ιδιωτικοποίηση ΔΕΗ (Πώληση 49% ΔΕΔΔΗΕ) (2021)' που αφορά την κατηγορία: Οικονομία / Ενέργεια.
ΚΚΕ,Ιδιωτικοποίηση ΔΕΗ (Πώληση 49% ΔΕΔΔΗΕ) (2021),Οικονομία / Ενέργεια,ΚΑΤΑ,Το κόμμα ΚΚΕ ψήφισε 'ΚΑΤΑ' στο νομοσχέδιο 'Ιδιωτικοποίηση ΔΕΗ (Πώληση 49% ΔΕΔΔΗΕ) (2021)' που αφορά την κατηγορία: Οικονομία / Ενέργεια.
Ελληνική_Λύση,Ιδιωτικοποίηση ΔΕΗ (Πώληση 49% ΔΕΔΔΗΕ) (2021),Οικονομία / Ενέργεια,ΚΑΤΑ,Το κόμμα Ελληνική_Λύση ψήφισε 'ΚΑΤΑ' στο νομοσχέδιο 'Ιδιωτικοποίηση ΔΕΗ (Πώληση 49% ΔΕΔΔΗΕ) (2021)' που αφορά την κατηγορία: Οικονομία / Ενέργεια.
Πλεύση_Ελευθερίας,Ιδιωτικοποίηση ΔΕΗ (Πώληση 49% ΔΕΔΔΗΕ) (2021),Οικονομία / Ενέργεια,ΚΑΤΑ,Το κόμμα Πλεύση_Ελευθερίας ψήφισε 'ΚΑΤΑ' στο νομοσχέδιο 'Ιδιωτικοποίηση ΔΕΗ (Πώληση 49% ΔΕΔΔΗΕ) (2021)' που αφορά την κατηγορία: Οικονομία / Ενέργεια.
ΜέΡΑ25,Ιδιωτικοποίηση ΔΕΗ (Πώληση 49% ΔΕΔΔΗΕ) (2021),Οικονομία / Ενέργεια,ΚΑΤΑ,Το κόμμα ΜέΡΑ25 ψήφισε 'ΚΑΤΑ' στο νομοσχέδιο 'Ιδιωτικοποίηση ΔΕΗ (Πώληση 49% ΔΕΔΔΗΕ) (2021)' που αφορά την κατηγορία: Οικονομία / Ενέργεια.
Φωνή_Λογικής,Ιδιωτικοποίηση ΔΕΗ (Πώληση 49% ΔΕΔΔΗΕ) (2021),Οικονομία / Ενέργεια,ΥΠΕΡ,Το κόμμα Φωνή_Λογικής ψήφισε 'ΥΠΕΡ' στο νομοσχέδιο 'Ιδιωτικοποίηση ΔΕΗ (Πώληση 49% ΔΕΔΔΗΕ) (2021)' που αφορά την κατηγορία: Οικονομία / Ενέργεια.
Εθνικό_Κόμμα_Έλληνες,Ιδιωτικοποίηση ΔΕΗ (Πώληση 49% ΔΕΔΔΗΕ) (2021),Οικονομία / Ενέργεια,ΚΑΤΑ,Το κόμμα Εθνικό_Κόμμα_Έλληνες ψήφισε 'ΚΑΤΑ' στο νομοσχέδιο 'Ιδιωτικοποίηση ΔΕΗ (Πώληση 49% ΔΕΔΔΗΕ) (2021)' που αφορά την κατηγορία: Οικονομία / Ενέργεια.
ΝΔ,Πανεπιστημιακή Αστυνομία (ΟΠΠΙ) (2021),Παιδεία / Ασφάλεια,ΥΠΕΡ,Το κόμμα ΝΔ ψήφισε 'ΥΠΕΡ' στο νομοσχέδιο 'Πανεπιστημιακή Αστυνομία (ΟΠΠΙ) (2021)' που αφορά την κατηγορία: Παιδεία / Ασφάλεια.
ΕΛΑΣ,Πανεπιστημιακή Αστυνομία (ΟΠΠΙ) (2021),Παιδεία / Ασφάλεια,ΚΑΤΑ,Το κόμμα ΕΛΑΣ ψήφισε 'ΚΑΤΑ' στο νομοσχέδιο 'Πανεπιστημιακή Αστυνομία (ΟΠΠΙ) (2021)' που αφορά την κατηγορία: Παιδεία / Ασφάλεια.
ΠΑΣΟΚ,Πανεπιστημιακή Αστυνομία (ΟΠΠΙ) (2021),Παιδεία / Ασφάλεια,ΚΑΤΑ,Το κόμμα ΠΑΣΟΚ ψήφισε 'ΚΑΤΑ' στο νομοσχέδιο 'Πανεπιστημιακή Αστυνομία (ΟΠΠΙ) (2021)' που αφορά την κατηγορία: Παιδεία / Ασφάλεια.
ΚΚΕ,Πανεπιστημιακή Αστυνομία (ΟΠΠΙ) (2021),Παιδεία / Ασφάλεια,ΚΑΤΑ,Το κόμμα ΚΚΕ ψήφισε 'ΚΑΤΑ' στο νομοσχέδιο 'Πανεπιστημιακή Αστυνομία (ΟΠΠΙ) (2021)' που αφορά την κατηγορία: Παιδεία / Ασφάλεια.
Ελληνική_Λύση,Πανεπιστημιακή Αστυνομία (ΟΠΠΙ) (2021),Παιδεία / Ασφάλεια,ΠΑΡΩΝ,Το κόμμα Ελληνική_Λύση ψήφισε 'ΠΑΡΩΝ' στο νομοσχέδιο 'Πανεπιστημιακή Αστυνομία (ΟΠΠΙ) (2021)' που αφορά την κατηγορία: Παιδεία / Ασφάλεια.
Πλεύση_Ελευθερίας,Πανεπιστημιακή Αστυνομία (ΟΠΠΙ) (2021),Παιδεία / Ασφάλεια,ΚΑΤΑ,Το κόμμα Πλεύση_Ελευθερίας ψήφισε 'ΚΑΤΑ' στο νομοσχέδιο 'Πανεπιστημιακή Αστυνομία (ΟΠΠΙ) (2021)' που αφορά την κατηγορία: Παιδεία / Ασφάλεια.
ΜέΡΑ25,Πανεπιστημιακή Αστυνομία (ΟΠΠΙ) (2021),Παιδεία / Ασφάλεια,ΚΑΤΑ,Το κόμμα ΜέΡΑ25 ψήφισε 'ΚΑΤΑ' στο νομοσχέδιο 'Πανεπιστημιακή Αστυνομία (ΟΠΠΙ) (2021)' που αφορά την κατηγορία: Παιδεία / Ασφάλεια.
Φωνή_Λογικής,Πανεπιστημιακή Αστυνομία (ΟΠΠΙ) (2021),Παιδεία / Ασφάλεια,ΥΠΕΡ,Το κόμμα Φωνή_Λογικής ψήφισε 'ΥΠΕΡ' στο νομοσχέδιο 'Πανεπιστημιακή Αστυνομία (ΟΠΠΙ) (2021)' που αφορά την κατηγορία: Παιδεία / Ασφάλεια.
Εθνικό_Κόμμα_Έλληνες,Πανεπιστημιακή Αστυνομία (ΟΠΠΙ) (2021),Παιδεία / Ασφάλεια,ΥΠΕΡ,Το κόμμα Εθνικό_Κόμμα_Έλληνες ψήφισε 'ΥΠΕΡ' στο νομοσχέδιο 'Πανεπιστημιακή Αστυνομία (ΟΠΠΙ) (2021)' που αφορά την κατηγορία: Παιδεία / Ασφάλεια.
ΝΔ,Νέος Πτωχευτικός Κώδικας (Άρση προστασίας 1ης κατοικίας) (2020),Οικονομία,ΥΠΕΡ,Το κόμμα ΝΔ ψήφισε 'ΥΠΕΡ' στο νομοσχέδιο 'Νέος Πτωχευτικός Κώδικας (Άρση προστασίας 1ης κατοικίας) (2020)' που αφορά την κατηγορία: Οικονομία.
ΕΛΑΣ,Νέος Πτωχευτικός Κώδικας (Άρση προστασίας 1ης κατοικίας) (2020),Οικονομία,ΚΑΤΑ,Το κόμμα ΕΛΑΣ ψήφισε 'ΚΑΤΑ' στο νομοσχέδιο 'Νέος Πτωχευτικός Κώδικας (Άρση προστασίας 1ης κατοικίας) (2020)' που αφορά την κατηγορία: Οικονομία.
ΠΑΣΟΚ,Νέος Πτωχευτικός Κώδικας (Άρση προστασίας 1ης κατοικίας) (2020),Οικονομία,ΚΑΤΑ,Το κόμμα ΠΑΣΟΚ ψήφισε 'ΚΑΤΑ' στο νομοσχέδιο 'Νέος Πτωχευτικός Κώδικας (Άρση προστασίας 1ης κατοικίας) (2020)' που αφορά την κατηγορία: Οικονομία.
ΚΚΕ,Νέος Πτωχευτικός Κώδικας (Άρση προστασίας 1ης κατοικίας) (2020),Οικονομία,ΚΑΤΑ,Το κόμμα ΚΚΕ ψήφισε 'ΚΑΤΑ' στο νομοσχέδιο 'Νέος Πτωχευτικός Κώδικας (Άρση προστασίας 1ης κατοικίας) (2020)' που αφορά την κατηγορία: Οικονομία.
Ελληνική_Λύση,Νέος Πτωχευτικός Κώδικας (Άρση προστασίας 1ης κατοικίας) (2020),Οικονομία,ΚΑΤΑ,Το κόμμα Ελληνική_Λύση ψήφισε 'ΚΑΤΑ' στο νομοσχέδιο 'Νέος Πτωχευτικός Κώδικας (Άρση προστασίας 1ης κατοικίας) (2020)' που αφορά την κατηγορία: Οικονομία.
Πλεύση_Ελευθερίας,Νέος Πτωχευτικός Κώδικας (Άρση προστασίας 1ης κατοικίας) (2020),Οικονομία,ΚΑΤΑ,Το κόμμα Πλεύση_Ελευθερίας ψήφισε 'ΚΑΤΑ' στο νομοσχέδιο 'Νέος Πτωχευτικός Κώδικας (Άρση προστασίας 1ης κατοικίας) (2020)' που αφορά την κατηγορία: Οικονομία.
ΜέΡΑ25,Νέος Πτωχευτικός Κώδικας (Άρση προστασίας 1ης κατοικίας) (2020),Οικονομία,ΚΑΤΑ,Το κόμμα ΜέΡΑ25 ψήφισε 'ΚΑΤΑ' στο νομοσχέδιο 'Νέος Πτωχευτικός Κώδικας (Άρση προστασίας 1ης κατοικίας) (2020)' που αφορά την κατηγορία: Οικονομία.
Φωνή_Λογικής,Νέος Πτωχευτικός Κώδικας (Άρση προστασίας 1ης κατοικίας) (2020),Οικονομία,ΚΑΤΑ,Το κόμμα Φωνή_Λογικής ψήφισε 'ΚΑΤΑ' στο νομοσχέδιο 'Νέος Πτωχευτικός Κώδικας (Άρση προστασίας 1ης κατοικίας) (2020)' που αφορά την κατηγορία: Οικονομία.
Εθνικό_Κόμμα_Έλληνες,Νέος Πτωχευτικός Κώδικας (Άρση προστασίας 1ης κατοικίας) (2020),Οικονομία,ΚΑΤΑ,Το κόμμα Εθνικό_Κόμμα_Έλληνες ψήφισε 'ΚΑΤΑ' στο νομοσχέδιο 'Νέος Πτωχευτικός Κώδικας (Άρση προστασίας 1ης κατοικίας) (2020)' που αφορά την κατηγορία: Οικονομία.
ΝΔ,Ψήφος Αποδήμων (Άρση όλων των περιορισμών) (2023),Θεσμοί,ΥΠΕΡ,Το κόμμα ΝΔ ψήφισε 'ΥΠΕΡ' στο νομοσχέδιο 'Ψήφος Αποδήμων (Άρση όλων των περιορισμών) (2023)' που αφορά την κατηγορία: Θεσμοί.
ΕΛΑΣ,Ψήφος Αποδήμων (Άρση όλων των περιορισμών) (2023),Θεσμοί,ΚΑΤΑ,Το κόμμα ΕΛΑΣ ψήφισε 'ΚΑΤΑ' στο νομοσχέδιο 'Ψήφος Αποδήμων (Άρση όλων των περιορισμών) (2023)' που αφορά την κατηγορία: Θεσμοί.
ΠΑΣΟΚ,Ψήφος Αποδήμων (Άρση όλων των περιορισμών) (2023),Θεσμοί,ΥΠΕΡ,Το κόμμα ΠΑΣΟΚ ψήφισε 'ΥΠΕΡ' στο νομοσχέδιο 'Ψήφος Αποδήμων (Άρση όλων των περιορισμών) (2023)' που αφορά την κατηγορία: Θεσμοί.
ΚΚΕ,Ψήφος Αποδήμων (Άρση όλων των περιορισμών) (2023),Θεσμοί,ΚΑΤΑ,Το κόμμα ΚΚΕ ψήφισε 'ΚΑΤΑ' στο νομοσχέδιο 'Ψήφος Αποδήμων (Άρση όλων των περιορισμών) (2023)' που αφορά την κατηγορία: Θεσμοί.
Ελληνική_Λύση,Ψήφος Αποδήμων (Άρση όλων των περιορισμών) (2023),Θεσμοί,ΥΠΕΡ,Το κόμμα Ελληνική_Λύση ψήφισε 'ΥΠΕΡ' στο νομοσχέδιο 'Ψήφος Αποδήμων (Άρση όλων των περιορισμών) (2023)' που αφορά την κατηγορία: Θεσμοί.
Πλεύση_Ελευθερίας,Ψήφος Αποδήμων (Άρση όλων των περιορισμών) (2023),Θεσμοί,ΥΠΕΡ,Το κόμμα Πλεύση_Ελευθερίας ψήφισε 'ΥΠΕΡ' στο νομοσχέδιο 'Ψήφος Αποδήμων (Άρση όλων των περιορισμών) (2023)' που αφορά την κατηγορία: Θεσμοί.
ΜέΡΑ25,Ψήφος Αποδήμων (Άρση όλων των περιορισμών) (2023),Θεσμοί,ΚΑΤΑ,Το κόμμα ΜέΡΑ25 ψήφισε 'ΚΑΤΑ' στο νομοσχέδιο 'Ψήφος Αποδήμων (Άρση όλων των περιορισμών) (2023)' που αφορά την κατηγορία: Θεσμοί.
Φωνή_Λογικής,Ψήφος Αποδήμων (Άρση όλων των περιορισμών) (2023),Θεσμοί,ΥΠΕΡ,Το κόμμα Φωνή_Λογικής ψήφισε 'ΥΠΕΡ' στο νομοσχέδιο 'Ψήφος Αποδήμων (Άρση όλων των περιορισμών) (2023)' που αφορά την κατηγορία: Θεσμοί.
Εθνικό_Κόμμα_Έλληνες,Ψήφος Αποδήμων (Άρση όλων των περιορισμών) (2023),Θεσμοί,ΥΠΕΡ,Το κόμμα Εθνικό_Κόμμα_Έλληνες ψήφισε 'ΥΠΕΡ' στο νομοσχέδιο 'Ψήφος Αποδήμων (Άρση όλων των περιορισμών) (2023)' που αφορά την κατηγορία: Θεσμοί.
ΝΔ,Νομοσχέδιο για τον περιορισμό πορειών και διαδηλώσεων (2020),Δικαιώματα,ΥΠΕΡ,Το κόμμα ΝΔ ψήφισε 'ΥΠΕΡ' στο νομοσχέδιο 'Νομοσχέδιο για τον περιορισμό πορειών και διαδηλώσεων (2020)' που αφορά την κατηγορία: Δικαιώματα.
ΕΛΑΣ,Νομοσχέδιο για τον περιορισμό πορειών και διαδηλώσεων (2020),Δικαιώματα,ΚΑΤΑ,Το κόμμα ΕΛΑΣ ψήφισε 'ΚΑΤΑ' στο νομοσχέδιο 'Νομοσχέδιο για τον περιορισμό πορειών και διαδηλώσεων (2020)' που αφορά την κατηγορία: Δικαιώματα.
ΠΑΣΟΚ,Νομοσχέδιο για τον περιορισμό πορειών και διαδηλώσεων (2020),Δικαιώματα,ΥΠΕΡ,Το κόμμα ΠΑΣΟΚ ψήφισε 'ΥΠΕΡ' στο νομοσχέδιο 'Νομοσχέδιο για τον περιορισμό πορειών και διαδηλώσεων (2020)' που αφορά την κατηγορία: Δικαιώματα.
ΚΚΕ,Νομοσχέδιο για τον περιορισμό πορειών και διαδηλώσεων (2020),Δικαιώματα,ΚΑΤΑ,Το κόμμα ΚΚΕ ψήφισε 'ΚΑΤΑ' στο νομοσχέδιο 'Νομοσχέδιο για τον περιορισμό πορειών και διαδηλώσεων (2020)' που αφορά την κατηγορία: Δικαιώματα.
Ελληνική_Λύση,Νομοσχέδιο για τον περιορισμό πορειών και διαδηλώσεων (2020),Δικαιώματα,ΥΠΕΡ,Το κόμμα Ελληνική_Λύση ψήφισε 'ΥΠΕΡ' στο νομοσχέδιο 'Νομοσχέδιο για τον περιορισμό πορειών και διαδηλώσεων (2020)' που αφορά την κατηγορία: Δικαιώματα.
Πλεύση_Ελευθερίας,Νομοσχέδιο για τον περιορισμό πορειών και διαδηλώσεων (2020),Δικαιώματα,ΚΑΤΑ,Το κόμμα Πλεύση_Ελευθερίας ψήφισε 'ΚΑΤΑ' στο νομοσχέδιο 'Νομοσχέδιο για τον περιορισμό πορειών και διαδηλώσεων (2020)' που αφορά την κατηγορία: Δικαιώματα.
ΜέΡΑ25,Νομοσχέδιο για τον περιορισμό πορειών και διαδηλώσεων (2020),Δικαιώματα,ΚΑΤΑ,Το κόμμα ΜέΡΑ25 ψήφισε 'ΚΑΤΑ' στο νομοσχέδιο 'Νομοσχέδιο για τον περιορισμό πορειών και διαδηλώσεων (2020)' που αφορά την κατηγορία: Δικαιώματα.
Φωνή_Λογικής,Νομοσχέδιο για τον περιορισμό πορειών και διαδηλώσεων (2020),Δικαιώματα,ΥΠΕΡ,Το κόμμα Φωνή_Λογικής ψήφισε 'ΥΠΕΡ' στο νομοσχέδιο 'Νομοσχέδιο για τον περιορισμό πορειών και διαδηλώσεων (2020)' που αφορά την κατηγορία: Δικαιώματα.
Εθνικό_Κόμμα_Έλληνες,Νομοσχέδιο για τον περιορισμό πορειών και διαδηλώσεων (2020),Δικαιώματα,ΥΠΕΡ,Το κόμμα Εθνικό_Κόμμα_Έλληνες ψήφισε 'ΥΠΕΡ' στο νομοσχέδιο 'Νομοσχέδιο για τον περιορισμό πορειών και διαδηλώσεων (2020)' που αφορά την κατηγορία: Δικαιώματα.
ΝΔ,Αναμόρφωση ΕΣΥ (Δυνατότητα ιδιωτικού έργου ιατρών) (2022),Υγεία,ΥΠΕΡ,Το κόμμα ΝΔ ψήφισε 'ΥΠΕΡ' στο νομοσχέδιο 'Αναμόρφωση ΕΣΥ (Δυνατότητα ιδιωτικού έργου ιατρών) (2022)' που αφορά την κατηγορία: Υγεία.
ΕΛΑΣ,Αναμόρφωση ΕΣΥ (Δυνατότητα ιδιωτικού έργου ιατρών) (2022),Υγεία,ΚΑΤΑ,Το κόμμα ΕΛΑΣ ψήφισε 'ΚΑΤΑ' στο νομοσχέδιο 'Αναμόρφωση ΕΣΥ (Δυνατότητα ιδιωτικού έργου ιατρών) (2022)' που αφορά την κατηγορία: Υγεία.
ΠΑΣΟΚ,Αναμόρφωση ΕΣΥ (Δυνατότητα ιδιωτικού έργου ιατρών) (2022),Υγεία,ΚΑΤΑ,Το κόμμα ΠΑΣΟΚ ψήφισε 'ΚΑΤΑ' στο νομοσχέδιο 'Αναμόρφωση ΕΣΥ (Δυνατότητα ιδιωτικού έργου ιατρών) (2022)' που αφορά την κατηγορία: Υγεία.
ΚΚΕ,Αναμόρφωση ΕΣΥ (Δυνατότητα ιδιωτικού έργου ιατρών) (2022),Υγεία,ΚΑΤΑ,Το κόμμα ΚΚΕ ψήφισε 'ΚΑΤΑ' στο νομοσχέδιο 'Αναμόρφωση ΕΣΥ (Δυνατότητα ιδιωτικού έργου ιατρών) (2022)' που αφορά την κατηγορία: Υγεία.
Ελληνική_Λύση,Αναμόρφωση ΕΣΥ (Δυνατότητα ιδιωτικού έργου ιατρών) (2022),Υγεία,ΚΑΤΑ,Το κόμμα Ελληνική_Λύση ψήφισε 'ΚΑΤΑ' στο νομοσχέδιο 'Αναμόρφωση ΕΣΥ (Δυνατότητα ιδιωτικού έργου ιατρών) (2022)' που αφορά την κατηγορία: Υγεία.
Πλεύση_Ελευθερίας,Αναμόρφωση ΕΣΥ (Δυνατότητα ιδιωτικού έργου ιατρών) (2022),Υγεία,ΚΑΤΑ,Το κόμμα Πλεύση_Ελευθερίας ψήφισε 'ΚΑΤΑ' στο νομοσχέδιο 'Αναμόρφωση ΕΣΥ (Δυνατότητα ιδιωτικού έργου ιατρών) (2022)' που αφορά την κατηγορία: Υγεία.
ΜέΡΑ25,Αναμόρφωση ΕΣΥ (Δυνατότητα ιδιωτικού έργου ιατρών) (2022),Υγεία,ΚΑΤΑ,Το κόμμα ΜέΡΑ25 ψήφισε 'ΚΑΤΑ' στο νομοσχέδιο 'Αναμόρφωση ΕΣΥ (Δυνατότητα ιδιωτικού έργου ιατρών) (2022)' που αφορά την κατηγορία: Υγεία.
Φωνή_Λογικής,Αναμόρφωση ΕΣΥ (Δυνατότητα ιδιωτικού έργου ιατρών) (2022),Υγεία,ΥΠΕΡ,Το κόμμα Φωνή_Λογικής ψήφισε 'ΥΠΕΡ' στο νομοσχέδιο 'Αναμόρφωση ΕΣΥ (Δυνατότητα ιδιωτικού έργου ιατρών) (2022)' που αφορά την κατηγορία: Υγεία.
Εθνικό_Κόμμα_Έλληνες,Αναμόρφωση ΕΣΥ (Δυνατότητα ιδιωτικού έργου ιατρών) (2022),Υγεία,ΚΑΤΑ,Το κόμμα Εθνικό_Κόμμα_Έλληνες ψήφισε 'ΚΑΤΑ' στο νομοσχέδιο 'Αναμόρφωση ΕΣΥ (Δυνατότητα ιδιωτικού έργου ιατρών) (2022)' που αφορά την κατηγορία: Υγεία.
ΝΔ,Νομοσχέδιο για την ΕΥΠ (Μετά την υπόθεση των υποκλοπών) (2022),Θεσμοί / Διαφάνεια,ΥΠΕΡ,Το κόμμα ΝΔ ψήφισε 'ΥΠΕΡ' στο νομοσχέδιο 'Νομοσχέδιο για την ΕΥΠ (Μετά την υπόθεση των υποκλοπών) (2022)' που αφορά την κατηγορία: Θεσμοί / Διαφάνεια.
ΕΛΑΣ,Νομοσχέδιο για την ΕΥΠ (Μετά την υπόθεση των υποκλοπών) (2022),Θεσμοί / Διαφάνεια,ΚΑΤΑ,Το κόμμα ΕΛΑΣ ψήφισε 'ΚΑΤΑ' στο νομοσχέδιο 'Νομοσχέδιο για την ΕΥΠ (Μετά την υπόθεση των υποκλοπών) (2022)' που αφορά την κατηγορία: Θεσμοί / Διαφάνεια.
ΠΑΣΟΚ,Νομοσχέδιο για την ΕΥΠ (Μετά την υπόθεση των υποκλοπών) (2022),Θεσμοί / Διαφάνεια,ΚΑΤΑ,Το κόμμα ΠΑΣΟΚ ψήφισε 'ΚΑΤΑ' στο νομοσχέδιο 'Νομοσχέδιο για την ΕΥΠ (Μετά την υπόθεση των υποκλοπών) (2022)' που αφορά την κατηγορία: Θεσμοί / Διαφάνεια.
ΚΚΕ,Νομοσχέδιο για την ΕΥΠ (Μετά την υπόθεση των υποκλοπών) (2022),Θεσμοί / Διαφάνεια,ΚΑΤΑ,Το κόμμα ΚΚΕ ψήφισε 'ΚΑΤΑ' στο νομοσχέδιο 'Νομοσχέδιο για την ΕΥΠ (Μετά την υπόθεση των υποκλοπών) (2022)' που αφορά την κατηγορία: Θεσμοί / Διαφάνεια.
Ελληνική_Λύση,Νομοσχέδιο για την ΕΥΠ (Μετά την υπόθεση των υποκλοπών) (2022),Θεσμοί / Διαφάνεια,ΚΑΤΑ,Το κόμμα Ελληνική_Λύση ψήφισε 'ΚΑΤΑ' στο νομοσχέδιο 'Νομοσχέδιο για την ΕΥΠ (Μετά την υπόθεση των υποκλοπών) (2022)' που αφορά την κατηγορία: Θεσμοί / Διαφάνεια.
Πλεύση_Ελευθερίας,Νομοσχέδιο για την ΕΥΠ (Μετά την υπόθεση των υποκλοπών) (2022),Θεσμοί / Διαφάνεια,ΚΑΤΑ,Το κόμμα Πλεύση_Ελευθερίας ψήφισε 'ΚΑΤΑ' στο νομοσχέδιο 'Νομοσχέδιο για την ΕΥΠ (Μετά την υπόθεση των υποκλοπών) (2022)' που αφορά την κατηγορία: Θεσμοί / Διαφάνεια.
ΜέΡΑ25,Νομοσχέδιο για την ΕΥΠ (Μετά την υπόθεση των υποκλοπών) (2022),Θεσμοί / Διαφάνεια,ΚΑΤΑ,Το κόμμα ΜέΡΑ25 ψήφισε 'ΚΑΤΑ' στο νομοσχέδιο 'Νομοσχέδιο για την ΕΥΠ (Μετά την υπόθεση των υποκλοπών) (2022)' που αφορά την κατηγορία: Θεσμοί / Διαφάνεια.
Φωνή_Λογικής,Νομοσχέδιο για την ΕΥΠ (Μετά την υπόθεση των υποκλοπών) (2022),Θεσμοί / Διαφάνεια,ΠΑΡΩΝ,Το κόμμα Φωνή_Λογικής ψήφισε 'ΠΑΡΩΝ' στο νομοσχέδιο 'Νομοσχέδιο για την ΕΥΠ (Μετά την υπόθεση των υποκλοπών) (2022)' που αφορά την κατηγορία: Θεσμοί / Διαφάνεια.
Εθνικό_Κόμμα_Έλληνες,Νομοσχέδιο για την ΕΥΠ (Μετά την υπόθεση των υποκλοπών) (2022),Θεσμοί / Διαφάνεια,ΚΑΤΑ,Το κόμμα Εθνικό_Κόμμα_Έλληνες ψήφισε 'ΚΑΤΑ' στο νομοσχέδιο 'Νομοσχέδιο για την ΕΥΠ (Μετά την υπόθεση των υποκλοπών) (2022)' που αφορά την κατηγορία: Θεσμοί / Διαφάνεια.
ΝΔ,Περιβαλλοντικό Νομοσχέδιο (Αλλαγές σε ζώνες NATURA) (2020),Περιβάλλον,ΥΠΕΡ,Το κόμμα ΝΔ ψήφισε 'ΥΠΕΡ' στο νομοσχέδιο 'Περιβαλλοντικό Νομοσχέδιο (Αλλαγές σε ζώνες NATURA) (2020)' που αφορά την κατηγορία: Περιβάλλον.
ΕΛΑΣ,Περιβαλλοντικό Νομοσχέδιο (Αλλαγές σε ζώνες NATURA) (2020),Περιβάλλον,ΚΑΤΑ,Το κόμμα ΕΛΑΣ ψήφισε 'ΚΑΤΑ' στο νομοσχέδιο 'Περιβαλλοντικό Νομοσχέδιο (Αλλαγές σε ζώνες NATURA) (2020)' που αφορά την κατηγορία: Περιβάλλον.
ΠΑΣΟΚ,Περιβαλλοντικό Νομοσχέδιο (Αλλαγές σε ζώνες NATURA) (2020),Περιβάλλον,ΚΑΤΑ,Το κόμμα ΠΑΣΟΚ ψήφισε 'ΚΑΤΑ' στο νομοσχέδιο 'Περιβαλλοντικό Νομοσχέδιο (Αλλαγές σε ζώνες NATURA) (2020)' που αφορά την κατηγορία: Περιβάλλον.
ΚΚΕ,Περιβαλλοντικό Νομοσχέδιο (Αλλαγές σε ζώνες NATURA) (2020),Περιβάλλον,ΚΑΤΑ,Το κόμμα ΚΚΕ ψήφισε 'ΚΑΤΑ' στο νομοσχέδιο 'Περιβαλλοντικό Νομοσχέδιο (Αλλαγές σε ζώνες NATURA) (2020)' που αφορά την κατηγορία: Περιβάλλον.
Ελληνική_Λύση,Περιβαλλοντικό Νομοσχέδιο (Αλλαγές σε ζώνες NATURA) (2020),Περιβάλλον,ΚΑΤΑ,Το κόμμα Ελληνική_Λύση ψήφισε 'ΚΑΤΑ' στο νομοσχέδιο 'Περιβαλλοντικό Νομοσχέδιο (Αλλαγές σε ζώνες NATURA) (2020)' που αφορά την κατηγορία: Περιβάλλον.
Πλεύση_Ελευθερίας,Περιβαλλοντικό Νομοσχέδιο (Αλλαγές σε ζώνες NATURA) (2020),Περιβάλλον,ΚΑΤΑ,Το κόμμα Πλεύση_Ελευθερίας ψήφισε 'ΚΑΤΑ' στο νομοσχέδιο 'Περιβαλλοντικό Νομοσχέδιο (Αλλαγές σε ζώνες NATURA) (2020)' που αφορά την κατηγορία: Περιβάλλον.
ΜέΡΑ25,Περιβαλλοντικό Νομοσχέδιο (Αλλαγές σε ζώνες NATURA) (2020),Περιβάλλον,ΚΑΤΑ,Το κόμμα ΜέΡΑ25 ψήφισε 'ΚΑΤΑ' στο νομοσχέδιο 'Περιβαλλοντικό Νομοσχέδιο (Αλλαγές σε ζώνες NATURA) (2020)' που αφορά την κατηγορία: Περιβάλλον.
Φωνή_Λογικής,Περιβαλλοντικό Νομοσχέδιο (Αλλαγές σε ζώνες NATURA) (2020),Περιβάλλον,ΥΠΕΡ,Το κόμμα Φωνή_Λογικής ψήφισε 'ΥΠΕΡ' στο νομοσχέδιο 'Περιβαλλοντικό Νομοσχέδιο (Αλλαγές σε ζώνες NATURA) (2020)' που αφορά την κατηγορία: Περιβάλλον.
Εθνικό_Κόμμα_Έλληνες,Περιβαλλοντικό Νομοσχέδιο (Αλλαγές σε ζώνες NATURA) (2020),Περιβάλλον,ΚΑΤΑ,Το κόμμα Εθνικό_Κόμμα_Έλληνες ψήφισε 'ΚΑΤΑ' στο νομοσχέδιο 'Περιβαλλοντικό Νομοσχέδιο (Αλλαγές σε ζώνες NATURA) (2020)' που αφορά την κατηγορία: Περιβάλλον.
ΝΔ,Επιλογή Διοικήσεων στο Δημόσιο (Νόμος Κεραμέως) (2023),Κράτος,ΥΠΕΡ,Το κόμμα ΝΔ ψήφισε 'ΥΠΕΡ' στο νομοσχέδιο 'Επιλογή Διοικήσεων στο Δημόσιο (Νόμος Κεραμέως) (2023)' που αφορά την κατηγορία: Κράτος.
ΕΛΑΣ,Επιλογή Διοικήσεων στο Δημόσιο (Νόμος Κεραμέως) (2023),Κράτος,ΚΑΤΑ,Το κόμμα ΕΛΑΣ ψήφισε 'ΚΑΤΑ' στο νομοσχέδιο 'Επιλογή Διοικήσεων στο Δημόσιο (Νόμος Κεραμέως) (2023)' που αφορά την κατηγορία: Κράτος.
ΠΑΣΟΚ,Επιλογή Διοικήσεων στο Δημόσιο (Νόμος Κεραμέως) (2023),Κράτος,ΚΑΤΑ,Το κόμμα ΠΑΣΟΚ ψήφισε 'ΚΑΤΑ' στο νομοσχέδιο 'Επιλογή Διοικήσεων στο Δημόσιο (Νόμος Κεραμέως) (2023)' που αφορά την κατηγορία: Κράτος.
ΚΚΕ,Επιλογή Διοικήσεων στο Δημόσιο (Νόμος Κεραμέως) (2023),Κράτος,ΚΑΤΑ,Το κόμμα ΚΚΕ ψήφισε 'ΚΑΤΑ' στο νομοσχέδιο 'Επιλογή Διοικήσεων στο Δημόσιο (Νόμος Κεραμέως) (2023)' που αφορά την κατηγορία: Κράτος.
Ελληνική_Λύση,Επιλογή Διοικήσεων στο Δημόσιο (Νόμος Κεραμέως) (2023),Κράτος,ΚΑΤΑ,Το κόμμα Ελληνική_Λύση ψήφισε 'ΚΑΤΑ' στο νομοσχέδιο 'Επιλογή Διοικήσεων στο Δημόσιο (Νόμος Κεραμέως) (2023)' που αφορά την κατηγορία: Κράτος.
Πλεύση_Ελευθερίας,Επιλογή Διοικήσεων στο Δημόσιο (Νόμος Κεραμέως) (2023),Κράτος,ΚΑΤΑ,Το κόμμα Πλεύση_Ελευθερίας ψήφισε 'ΚΑΤΑ' στο νομοσχέδιο 'Επιλογή Διοικήσεων στο Δημόσιο (Νόμος Κεραμέως) (2023)' που αφορά την κατηγορία: Κράτος.
ΜέΡΑ25,Επιλογή Διοικήσεων στο Δημόσιο (Νόμος Κεραμέως) (2023),Κράτος,ΚΑΤΑ,Το κόμμα ΜέΡΑ25 ψήφισε 'ΚΑΤΑ' στο νομοσχέδιο 'Επιλογή Διοικήσεων στο Δημόσιο (Νόμος Κεραμέως) (2023)' που αφορά την κατηγορία: Κράτος.
Φωνή_Λογικής,Επιλογή Διοικήσεων στο Δημόσιο (Νόμος Κεραμέως) (2023),Κράτος,ΠΑΡΩΝ,Το κόμμα Φωνή_Λογικής ψήφισε 'ΠΑΡΩΝ' στο νομοσχέδιο 'Επιλογή Διοικήσεων στο Δημόσιο (Νόμος Κεραμέως) (2023)' που αφορά την κατηγορία: Κράτος.
Εθνικό_Κόμμα_Έλληνες,Επιλογή Διοικήσεων στο Δημόσιο (Νόμος Κεραμέως) (2023),Κράτος,ΚΑΤΑ,Το κόμμα Εθνικό_Κόμμα_Έλληνες ψήφισε 'ΚΑΤΑ' στο νομοσχέδιο 'Επιλογή Διοικήσεων στο Δημόσιο (Νόμος Κεραμέως) (2023)' που αφορά την κατηγορία: Κράτος.
ΝΔ,Εθνικός Κλιματικός Νόμος (Στόχοι Απολιγνιτοποίησης) (2022),Ενέργεια,ΥΠΕΡ,Το κόμμα ΝΔ ψήφισε 'ΥΠΕΡ' στο νομοσχέδιο 'Εθνικός Κλιματικός Νόμος (Στόχοι Απολιγνιτοποίησης) (2022)' που αφορά την κατηγορία: Ενέργεια.
ΕΛΑΣ,Εθνικός Κλιματικός Νόμος (Στόχοι Απολιγνιτοποίησης) (2022),Ενέργεια,ΚΑΤΑ,Το κόμμα ΕΛΑΣ ψήφισε 'ΚΑΤΑ' στο νομοσχέδιο 'Εθνικός Κλιματικός Νόμος (Στόχοι Απολιγνιτοποίησης) (2022)' που αφορά την κατηγορία: Ενέργεια.
ΠΑΣΟΚ,Εθνικός Κλιματικός Νόμος (Στόχοι Απολιγνιτοποίησης) (2022),Ενέργεια,ΥΠΕΡ,Το κόμμα ΠΑΣΟΚ ψήφισε 'ΥΠΕΡ' στο νομοσχέδιο 'Εθνικός Κλιματικός Νόμος (Στόχοι Απολιγνιτοποίησης) (2022)' που αφορά την κατηγορία: Ενέργεια.
ΚΚΕ,Εθνικός Κλιματικός Νόμος (Στόχοι Απολιγνιτοποίησης) (2022),Ενέργεια,ΚΑΤΑ,Το κόμμα ΚΚΕ ψήφισε 'ΚΑΤΑ' στο νομοσχέδιο 'Εθνικός Κλιματικός Νόμος (Στόχοι Απολιγνιτοποίησης) (2022)' που αφορά την κατηγορία: Ενέργεια.
Ελληνική_Λύση,Εθνικός Κλιματικός Νόμος (Στόχοι Απολιγνιτοποίησης) (2022),Ενέργεια,ΚΑΤΑ,Το κόμμα Ελληνική_Λύση ψήφισε 'ΚΑΤΑ' στο νομοσχέδιο 'Εθνικός Κλιματικός Νόμος (Στόχοι Απολιγνιτοποίησης) (2022)' που αφορά την κατηγορία: Ενέργεια.
Πλεύση_Ελευθερίας,Εθνικός Κλιματικός Νόμος (Στόχοι Απολιγνιτοποίησης) (2022),Ενέργεια,ΚΑΤΑ,Το κόμμα Πλεύση_Ελευθερίας ψήφισε 'ΚΑΤΑ' στο νομοσχέδιο 'Εθνικός Κλιματικός Νόμος (Στόχοι Απολιγνιτοποίησης) (2022)' που αφορά την κατηγορία: Ενέργεια.
ΜέΡΑ25,Εθνικός Κλιματικός Νόμος (Στόχοι Απολιγνιτοποίησης) (2022),Ενέργεια,ΚΑΤΑ,Το κόμμα ΜέΡΑ25 ψήφισε 'ΚΑΤΑ' στο νομοσχέδιο 'Εθνικός Κλιματικός Νόμος (Στόχοι Απολιγνιτοποίησης) (2022)' που αφορά την κατηγορία: Ενέργεια.
Φωνή_Λογικής,Εθνικός Κλιματικός Νόμος (Στόχοι Απολιγνιτοποίησης) (2022),Ενέργεια,ΚΑΤΑ,Το κόμμα Φωνή_Λογικής ψήφισε 'ΚΑΤΑ' στο νομοσχέδιο 'Εθνικός Κλιματικός Νόμος (Στόχοι Απολιγνιτοποίησης) (2022)' που αφορά την κατηγορία: Ενέργεια.
Εθνικό_Κόμμα_Έλληνες,Εθνικός Κλιματικός Νόμος (Στόχοι Απολιγνιτοποίησης) (2022),Ενέργεια,ΚΑΤΑ,Το κόμμα Εθνικό_Κόμμα_Έλληνες ψήφισε 'ΚΑΤΑ' στο νομοσχέδιο 'Εθνικός Κλιματικός Νόμος (Στόχοι Απολιγνιτοποίησης) (2022)' που αφορά την κατηγορία: Ενέργεια.
ΝΔ,Συνεπιμέλεια Τέκνων (2021),Κοινωνική Πολιτική,ΥΠΕΡ,Το κόμμα ΝΔ ψήφισε 'ΥΠΕΡ' στο νομοσχέδιο 'Συνεπιμέλεια Τέκνων (2021)' που αφορά την κατηγορία: Κοινωνική Πολιτική.
ΕΛΑΣ,Συνεπιμέλεια Τέκνων (2021),Κοινωνική Πολιτική,ΚΑΤΑ,Το κόμμα ΕΛΑΣ ψήφισε 'ΚΑΤΑ' στο νομοσχέδιο 'Συνεπιμέλεια Τέκνων (2021)' που αφορά την κατηγορία: Κοινωνική Πολιτική.
ΠΑΣΟΚ,Συνεπιμέλεια Τέκνων (2021),Κοινωνική Πολιτική,ΚΑΤΑ,Το κόμμα ΠΑΣΟΚ ψήφισε 'ΚΑΤΑ' στο νομοσχέδιο 'Συνεπιμέλεια Τέκνων (2021)' που αφορά την κατηγορία: Κοινωνική Πολιτική.
ΚΚΕ,Συνεπιμέλεια Τέκνων (2021),Κοινωνική Πολιτική,ΚΑΤΑ,Το κόμμα ΚΚΕ ψήφισε 'ΚΑΤΑ' στο νομοσχέδιο 'Συνεπιμέλεια Τέκνων (2021)' που αφορά την κατηγορία: Κοινωνική Πολιτική.
Ελληνική_Λύση,Συνεπιμέλεια Τέκνων (2021),Κοινωνική Πολιτική,ΥΠΕΡ,Το κόμμα Ελληνική_Λύση ψήφισε 'ΥΠΕΡ' στο νομοσχέδιο 'Συνεπιμέλεια Τέκνων (2021)' που αφορά την κατηγορία: Κοινωνική Πολιτική.
Πλεύση_Ελευθερίας,Συνεπιμέλεια Τέκνων (2021),Κοινωνική Πολιτική,ΚΑΤΑ,Το κόμμα Πλεύση_Ελευθερίας ψήφισε 'ΚΑΤΑ' στο νομοσχέδιο 'Συνεπιμέλεια Τέκνων (2021)' που αφορά την κατηγορία: Κοινωνική Πολιτική.
ΜέΡΑ25,Συνεπιμέλεια Τέκνων (2021),Κοινωνική Πολιτική,ΚΑΤΑ,Το κόμμα ΜέΡΑ25 ψήφισε 'ΚΑΤΑ' στο νομοσχέδιο 'Συνεπιμέλεια Τέκνων (2021)' που αφορά την κατηγορία: Κοινωνική Πολιτική.
Φωνή_Λογικής,Συνεπιμέλεια Τέκνων (2021),Κοινωνική Πολιτική,ΥΠΕΡ,Το κόμμα Φωνή_Λογικής ψήφισε 'ΥΠΕΡ' στο νομοσχέδιο 'Συνεπιμέλεια Τέκνων (2021)' που αφορά την κατηγορία: Κοινωνική Πολιτική.
Εθνικό_Κόμμα_Έλληνες,Συνεπιμέλεια Τέκνων (2021),Κοινωνική Πολιτική,ΥΠΕΡ,Το κόμμα Εθνικό_Κόμμα_Έλληνες ψήφισε 'ΥΠΕΡ' στο νομοσχέδιο 'Συνεπιμέλεια Τέκνων (2021)' που αφορά την κατηγορία: Κοινωνική Πολιτική.
ΝΔ,Ιδιωτικοποίηση Επικουρικής Ασφάλισης (Ίδρυση ΤΕΚΑ) (2021),Ασφαλιστικό,ΥΠΕΡ,Το κόμμα ΝΔ ψήφισε 'ΥΠΕΡ' στο νομοσχέδιο 'Ιδιωτικοποίηση Επικουρικής Ασφάλισης (Ίδρυση ΤΕΚΑ) (2021)' που αφορά την κατηγορία: Ασφαλιστικό.
ΕΛΑΣ,Ιδιωτικοποίηση Επικουρικής Ασφάλισης (Ίδρυση ΤΕΚΑ) (2021),Ασφαλιστικό,ΚΑΤΑ,Το κόμμα ΕΛΑΣ ψήφισε 'ΚΑΤΑ' στο νομοσχέδιο 'Ιδιωτικοποίηση Επικουρικής Ασφάλισης (Ίδρυση ΤΕΚΑ) (2021)' που αφορά την κατηγορία: Ασφαλιστικό.
ΠΑΣΟΚ,Ιδιωτικοποίηση Επικουρικής Ασφάλισης (Ίδρυση ΤΕΚΑ) (2021),Ασφαλιστικό,ΚΑΤΑ,Το κόμμα ΠΑΣΟΚ ψήφισε 'ΚΑΤΑ' στο νομοσχέδιο 'Ιδιωτικοποίηση Επικουρικής Ασφάλισης (Ίδρυση ΤΕΚΑ) (2021)' που αφορά την κατηγορία: Ασφαλιστικό.
ΚΚΕ,Ιδιωτικοποίηση Επικουρικής Ασφάλισης (Ίδρυση ΤΕΚΑ) (2021),Ασφαλιστικό,ΚΑΤΑ,Το κόμμα ΚΚΕ ψήφισε 'ΚΑΤΑ' στο νομοσχέδιο 'Ιδιωτικοποίηση Επικουρικής Ασφάλισης (Ίδρυση ΤΕΚΑ) (2021)' που αφορά την κατηγορία: Ασφαλιστικό.
Ελληνική_Λύση,Ιδιωτικοποίηση Επικουρικής Ασφάλισης (Ίδρυση ΤΕΚΑ) (2021),Ασφαλιστικό,ΚΑΤΑ,Το κόμμα Ελληνική_Λύση ψήφισε 'ΚΑΤΑ' στο νομοσχέδιο 'Ιδιωτικοποίηση Επικουρικής Ασφάλισης (Ίδρυση ΤΕΚΑ) (2021)' που αφορά την κατηγορία: Ασφαλιστικό.
Πλεύση_Ελευθερίας,Ιδιωτικοποίηση Επικουρικής Ασφάλισης (Ίδρυση ΤΕΚΑ) (2021),Ασφαλιστικό,ΚΑΤΑ,Το κόμμα Πλεύση_Ελευθερίας ψήφισε 'ΚΑΤΑ' στο νομοσχέδιο 'Ιδιωτικοποίηση Επικουρικής Ασφάλισης (Ίδρυση ΤΕΚΑ) (2021)' που αφορά την κατηγορία: Ασφαλιστικό.
ΜέΡΑ25,Ιδιωτικοποίηση Επικουρικής Ασφάλισης (Ίδρυση ΤΕΚΑ) (2021),Ασφαλιστικό,ΚΑΤΑ,Το κόμμα ΜέΡΑ25 ψήφισε 'ΚΑΤΑ' στο νομοσχέδιο 'Ιδιωτικοποίηση Επικουρικής Ασφάλισης (Ίδρυση ΤΕΚΑ) (2021)' που αφορά την κατηγορία: Ασφαλιστικό.
Φωνή_Λογικής,Ιδιωτικοποίηση Επικουρικής Ασφάλισης (Ίδρυση ΤΕΚΑ) (2021),Ασφαλιστικό,ΥΠΕΡ,Το κόμμα Φωνή_Λογικής ψήφισε 'ΥΠΕΡ' στο νομοσχέδιο 'Ιδιωτικοποίηση Επικουρικής Ασφάλισης (Ίδρυση ΤΕΚΑ) (2021)' που αφορά την κατηγορία: Ασφαλιστικό.
Εθνικό_Κόμμα_Έλληνες,Ιδιωτικοποίηση Επικουρικής Ασφάλισης (Ίδρυση ΤΕΚΑ) (2021),Ασφαλιστικό,ΚΑΤΑ,Το κόμμα Εθνικό_Κόμμα_Έλληνες ψήφισε 'ΚΑΤΑ' στο νομοσχέδιο 'Ιδιωτικοποίηση Επικουρικής Ασφάλισης (Ίδρυση ΤΕΚΑ) (2021)' που αφορά την κατηγορία: Ασφαλιστικό.
ΝΔ,Αλλαγές στη Golden Visa (Αύξηση ορίων) (2024),Οικονομία / Στέγαση,ΥΠΕΡ,Το κόμμα ΝΔ ψήφισε 'ΥΠΕΡ' στο νομοσχέδιο 'Αλλαγές στη Golden Visa (Αύξηση ορίων) (2024)' που αφορά την κατηγορία: Οικονομία / Στέγαση.
ΕΛΑΣ,Αλλαγές στη Golden Visa (Αύξηση ορίων) (2024),Οικονομία / Στέγαση,ΚΑΤΑ,Το κόμμα ΕΛΑΣ ψήφισε 'ΚΑΤΑ' στο νομοσχέδιο 'Αλλαγές στη Golden Visa (Αύξηση ορίων) (2024)' που αφορά την κατηγορία: Οικονομία / Στέγαση.
ΠΑΣΟΚ,Αλλαγές στη Golden Visa (Αύξηση ορίων) (2024),Οικονομία / Στέγαση,ΚΑΤΑ,Το κόμμα ΠΑΣΟΚ ψήφισε 'ΚΑΤΑ' στο νομοσχέδιο 'Αλλαγές στη Golden Visa (Αύξηση ορίων) (2024)' που αφορά την κατηγορία: Οικονομία / Στέγαση.
ΚΚΕ,Αλλαγές στη Golden Visa (Αύξηση ορίων) (2024),Οικονομία / Στέγαση,ΚΑΤΑ,Το κόμμα ΚΚΕ ψήφισε 'ΚΑΤΑ' στο νομοσχέδιο 'Αλλαγές στη Golden Visa (Αύξηση ορίων) (2024)' που αφορά την κατηγορία: Οικονομία / Στέγαση.
Ελληνική_Λύση,Αλλαγές στη Golden Visa (Αύξηση ορίων) (2024),Οικονομία / Στέγαση,ΚΑΤΑ,Το κόμμα Ελληνική_Λύση ψήφισε 'ΚΑΤΑ' στο νομοσχέδιο 'Αλλαγές στη Golden Visa (Αύξηση ορίων) (2024)' που αφορά την κατηγορία: Οικονομία / Στέγαση.
Πλεύση_Ελευθερίας,Αλλαγές στη Golden Visa (Αύξηση ορίων) (2024),Οικονομία / Στέγαση,ΚΑΤΑ,Το κόμμα Πλεύση_Ελευθερίας ψήφισε 'ΚΑΤΑ' στο νομοσχέδιο 'Αλλαγές στη Golden Visa (Αύξηση ορίων) (2024)' που αφορά την κατηγορία: Οικονομία / Στέγαση.
ΜέΡΑ25,Αλλαγές στη Golden Visa (Αύξηση ορίων) (2024),Οικονομία / Στέγαση,ΚΑΤΑ,Το κόμμα ΜέΡΑ25 ψήφισε 'ΚΑΤΑ' στο νομοσχέδιο 'Αλλαγές στη Golden Visa (Αύξηση ορίων) (2024)' που αφορά την κατηγορία: Οικονομία / Στέγαση.
Φωνή_Λογικής,Αλλαγές στη Golden Visa (Αύξηση ορίων) (2024),Οικονομία / Στέγαση,ΥΠΕΡ,Το κόμμα Φωνή_Λογικής ψήφισε 'ΥΠΕΡ' στο νομοσχέδιο 'Αλλαγές στη Golden Visa (Αύξηση ορίων) (2024)' που αφορά την κατηγορία: Οικονομία / Στέγαση.
Εθνικό_Κόμμα_Έλληνες,Αλλαγές στη Golden Visa (Αύξηση ορίων) (2024),Οικονομία / Στέγαση,ΚΑΤΑ,Το κόμμα Εθνικό_Κόμμα_Έλληνες ψήφισε 'ΚΑΤΑ' στο νομοσχέδιο 'Αλλαγές στη Golden Visa (Αύξηση ορίων) (2024)' που αφορά την κατηγορία: Οικονομία / Στέγαση.
ΝΔ,Μείωση ΕΝΦΙΑ (2019-2022),Οικονομία,ΥΠΕΡ,Το κόμμα ΝΔ ψήφισε 'ΥΠΕΡ' στο νομοσχέδιο 'Μείωση ΕΝΦΙΑ (2019-2022)' που αφορά την κατηγορία: Οικονομία.
ΕΛΑΣ,Μείωση ΕΝΦΙΑ (2019-2022),Οικονομία,ΠΑΡΩΝ,Το κόμμα ΕΛΑΣ ψήφισε 'ΠΑΡΩΝ' στο νομοσχέδιο 'Μείωση ΕΝΦΙΑ (2019-2022)' που αφορά την κατηγορία: Οικονομία.
ΠΑΣΟΚ,Μείωση ΕΝΦΙΑ (2019-2022),Οικονομία,ΥΠΕΡ,Το κόμμα ΠΑΣΟΚ ψήφισε 'ΥΠΕΡ' στο νομοσχέδιο 'Μείωση ΕΝΦΙΑ (2019-2022)' που αφορά την κατηγορία: Οικονομία.
ΚΚΕ,Μείωση ΕΝΦΙΑ (2019-2022),Οικονομία,ΚΑΤΑ,Το κόμμα ΚΚΕ ψήφισε 'ΚΑΤΑ' στο νομοσχέδιο 'Μείωση ΕΝΦΙΑ (2019-2022)' που αφορά την κατηγορία: Οικονομία.
Ελληνική_Λύση,Μείωση ΕΝΦΙΑ (2019-2022),Οικονομία,ΥΠΕΡ,Το κόμμα Ελληνική_Λύση ψήφισε 'ΥΠΕΡ' στο νομοσχέδιο 'Μείωση ΕΝΦΙΑ (2019-2022)' που αφορά την κατηγορία: Οικονομία.
Πλεύση_Ελευθερίας,Μείωση ΕΝΦΙΑ (2019-2022),Οικονομία,ΠΑΡΩΝ,Το κόμμα Πλεύση_Ελευθερίας ψήφισε 'ΠΑΡΩΝ' στο νομοσχέδιο 'Μείωση ΕΝΦΙΑ (2019-2022)' που αφορά την κατηγορία: Οικονομία.
ΜέΡΑ25,Μείωση ΕΝΦΙΑ (2019-2022),Οικονομία,ΚΑΤΑ,Το κόμμα ΜέΡΑ25 ψήφισε 'ΚΑΤΑ' στο νομοσχέδιο 'Μείωση ΕΝΦΙΑ (2019-2022)' που αφορά την κατηγορία: Οικονομία.
Φωνή_Λογικής,Μείωση ΕΝΦΙΑ (2019-2022),Οικονομία,ΥΠΕΡ,Το κόμμα Φωνή_Λογικής ψήφισε 'ΥΠΕΡ' στο νομοσχέδιο 'Μείωση ΕΝΦΙΑ (2019-2022)' που αφορά την κατηγορία: Οικονομία.
Εθνικό_Κόμμα_Έλληνες,Μείωση ΕΝΦΙΑ (2019-2022),Οικονομία,ΥΠΕΡ,Το κόμμα Εθνικό_Κόμμα_Έλληνες ψήφισε 'ΥΠΕΡ' στο νομοσχέδιο 'Μείωση ΕΝΦΙΑ (2019-2022)' που αφορά την κατηγορία: Οικονομία.
ΝΔ,Εκτός σχεδίου δόμηση / Πολεοδομικός Νόμος (2020),Περιβάλλον,ΥΠΕΡ,Το κόμμα ΝΔ ψήφισε 'ΥΠΕΡ' στο νομοσχέδιο 'Εκτός σχεδίου δόμηση / Πολεοδομικός Νόμος (2020)' που αφορά την κατηγορία: Περιβάλλον.
ΕΛΑΣ,Εκτός σχεδίου δόμηση / Πολεοδομικός Νόμος (2020),Περιβάλλον,ΚΑΤΑ,Το κόμμα ΕΛΑΣ ψήφισε 'ΚΑΤΑ' στο νομοσχέδιο 'Εκτός σχεδίου δόμηση / Πολεοδομικός Νόμος (2020)' που αφορά την κατηγορία: Περιβάλλον.
ΠΑΣΟΚ,Εκτός σχεδίου δόμηση / Πολεοδομικός Νόμος (2020),Περιβάλλον,ΚΑΤΑ,Το κόμμα ΠΑΣΟΚ ψήφισε 'ΚΑΤΑ' στο νομοσχέδιο 'Εκτός σχεδίου δόμηση / Πολεοδομικός Νόμος (2020)' που αφορά την κατηγορία: Περιβάλλον.
ΚΚΕ,Εκτός σχεδίου δόμηση / Πολεοδομικός Νόμος (2020),Περιβάλλον,ΚΑΤΑ,Το κόμμα ΚΚΕ ψήφισε 'ΚΑΤΑ' στο νομοσχέδιο 'Εκτός σχεδίου δόμηση / Πολεοδομικός Νόμος (2020)' που αφορά την κατηγορία: Περιβάλλον.
Ελληνική_Λύση,Εκτός σχεδίου δόμηση / Πολεοδομικός Νόμος (2020),Περιβάλλον,ΚΑΤΑ,Το κόμμα Ελληνική_Λύση ψήφισε 'ΚΑΤΑ' στο νομοσχέδιο 'Εκτός σχεδίου δόμηση / Πολεοδομικός Νόμος (2020)' που αφορά την κατηγορία: Περιβάλλον.
Πλεύση_Ελευθερίας,Εκτός σχεδίου δόμηση / Πολεοδομικός Νόμος (2020),Περιβάλλον,ΚΑΤΑ,Το κόμμα Πλεύση_Ελευθερίας ψήφισε 'ΚΑΤΑ' στο νομοσχέδιο 'Εκτός σχεδίου δόμηση / Πολεοδομικός Νόμος (2020)' που αφορά την κατηγορία: Περιβάλλον.
ΜέΡΑ25,Εκτός σχεδίου δόμηση / Πολεοδομικός Νόμος (2020),Περιβάλλον,ΚΑΤΑ,Το κόμμα ΜέΡΑ25 ψήφισε 'ΚΑΤΑ' στο νομοσχέδιο 'Εκτός σχεδίου δόμηση / Πολεοδομικός Νόμος (2020)' που αφορά την κατηγορία: Περιβάλλον.
Φωνή_Λογικής,Εκτός σχεδίου δόμηση / Πολεοδομικός Νόμος (2020),Περιβάλλον,ΥΠΕΡ,Το κόμμα Φωνή_Λογικής ψήφισε 'ΥΠΕΡ' στο νομοσχέδιο 'Εκτός σχεδίου δόμηση / Πολεοδομικός Νόμος (2020)' που αφορά την κατηγορία: Περιβάλλον.
Εθνικό_Κόμμα_Έλληνες,Εκτός σχεδίου δόμηση / Πολεοδομικός Νόμος (2020),Περιβάλλον,ΚΑΤΑ,Το κόμμα Εθνικό_Κόμμα_Έλληνες ψήφισε 'ΚΑΤΑ' στο νομοσχέδιο 'Εκτός σχεδίου δόμηση / Πολεοδομικός Νόμος (2020)' που αφορά την κατηγορία: Περιβάλλον.
ΝΔ,Κατάργηση Πανεπιστημιακού Ασύλου (2019),Παιδεία,ΥΠΕΡ,Το κόμμα ΝΔ ψήφισε 'ΥΠΕΡ' στο νομοσχέδιο 'Κατάργηση Πανεπιστημιακού Ασύλου (2019)' που αφορά την κατηγορία: Παιδεία.
ΕΛΑΣ,Κατάργηση Πανεπιστημιακού Ασύλου (2019),Παιδεία,ΚΑΤΑ,Το κόμμα ΕΛΑΣ ψήφισε 'ΚΑΤΑ' στο νομοσχέδιο 'Κατάργηση Πανεπιστημιακού Ασύλου (2019)' που αφορά την κατηγορία: Παιδεία.
ΠΑΣΟΚ,Κατάργηση Πανεπιστημιακού Ασύλου (2019),Παιδεία,ΥΠΕΡ,Το κόμμα ΠΑΣΟΚ ψήφισε 'ΥΠΕΡ' στο νομοσχέδιο 'Κατάργηση Πανεπιστημιακού Ασύλου (2019)' που αφορά την κατηγορία: Παιδεία.
ΚΚΕ,Κατάργηση Πανεπιστημιακού Ασύλου (2019),Παιδεία,ΚΑΤΑ,Το κόμμα ΚΚΕ ψήφισε 'ΚΑΤΑ' στο νομοσχέδιο 'Κατάργηση Πανεπιστημιακού Ασύλου (2019)' που αφορά την κατηγορία: Παιδεία.
Ελληνική_Λύση,Κατάργηση Πανεπιστημιακού Ασύλου (2019),Παιδεία,ΥΠΕΡ,Το κόμμα Ελληνική_Λύση ψήφισε 'ΥΠΕΡ' στο νομοσχέδιο 'Κατάργηση Πανεπιστημιακού Ασύλου (2019)' που αφορά την κατηγορία: Παιδεία.
Πλεύση_Ελευθερίας,Κατάργηση Πανεπιστημιακού Ασύλου (2019),Παιδεία,ΚΑΤΑ,Το κόμμα Πλεύση_Ελευθερίας ψήφισε 'ΚΑΤΑ' στο νομοσχέδιο 'Κατάργηση Πανεπιστημιακού Ασύλου (2019)' που αφορά την κατηγορία: Παιδεία.
ΜέΡΑ25,Κατάργηση Πανεπιστημιακού Ασύλου (2019),Παιδεία,ΚΑΤΑ,Το κόμμα ΜέΡΑ25 ψήφισε 'ΚΑΤΑ' στο νομοσχέδιο 'Κατάργηση Πανεπιστημιακού Ασύλου (2019)' που αφορά την κατηγορία: Παιδεία.
Φωνή_Λογικής,Κατάργηση Πανεπιστημιακού Ασύλου (2019),Παιδεία,ΥΠΕΡ,Το κόμμα Φωνή_Λογικής ψήφισε 'ΥΠΕΡ' στο νομοσχέδιο 'Κατάργηση Πανεπιστημιακού Ασύλου (2019)' που αφορά την κατηγορία: Παιδεία.
Εθνικό_Κόμμα_Έλληνες,Κατάργηση Πανεπιστημιακού Ασύλου (2019),Παιδεία,ΥΠΕΡ,Το κόμμα Εθνικό_Κόμμα_Έλληνες ψήφισε 'ΥΠΕΡ' στο νομοσχέδιο 'Κατάργηση Πανεπιστημιακού Ασύλου (2019)' που αφορά την κατηγορία: Παιδεία.
ΝΔ,Συμφωνία των Πρεσπών (2019),Εξωτερική Πολιτική,ΚΑΤΑ,Το κόμμα ΝΔ ψήφισε 'ΚΑΤΑ' στο νομοσχέδιο 'Συμφωνία των Πρεσπών (2019)' που αφορά την κατηγορία: Εξωτερική Πολιτική.
ΕΛΑΣ,Συμφωνία των Πρεσπών (2019),Εξωτερική Πολιτική,ΥΠΕΡ,Το κόμμα ΕΛΑΣ ψήφισε 'ΥΠΕΡ' στο νομοσχέδιο 'Συμφωνία των Πρεσπών (2019)' που αφορά την κατηγορία: Εξωτερική Πολιτική.
ΠΑΣΟΚ,Συμφωνία των Πρεσπών (2019),Εξωτερική Πολιτική,ΚΑΤΑ,Το κόμμα ΠΑΣΟΚ ψήφισε 'ΚΑΤΑ' στο νομοσχέδιο 'Συμφωνία των Πρεσπών (2019)' που αφορά την κατηγορία: Εξωτερική Πολιτική.
ΚΚΕ,Συμφωνία των Πρεσπών (2019),Εξωτερική Πολιτική,ΚΑΤΑ,Το κόμμα ΚΚΕ ψήφισε 'ΚΑΤΑ' στο νομοσχέδιο 'Συμφωνία των Πρεσπών (2019)' που αφορά την κατηγορία: Εξωτερική Πολιτική.
Ελληνική_Λύση,Συμφωνία των Πρεσπών (2019),Εξωτερική Πολιτική,ΚΑΤΑ,Το κόμμα Ελληνική_Λύση ψήφισε 'ΚΑΤΑ' στο νομοσχέδιο 'Συμφωνία των Πρεσπών (2019)' που αφορά την κατηγορία: Εξωτερική Πολιτική.
Πλεύση_Ελευθερίας,Συμφωνία των Πρεσπών (2019),Εξωτερική Πολιτική,ΚΑΤΑ,Το κόμμα Πλεύση_Ελευθερίας ψήφισε 'ΚΑΤΑ' στο νομοσχέδιο 'Συμφωνία των Πρεσπών (2019)' που αφορά την κατηγορία: Εξωτερική Πολιτική.
ΜέΡΑ25,Συμφωνία των Πρεσπών (2019),Εξωτερική Πολιτική,ΥΠΕΡ,Το κόμμα ΜέΡΑ25 ψήφισε 'ΥΠΕΡ' στο νομοσχέδιο 'Συμφωνία των Πρεσπών (2019)' που αφορά την κατηγορία: Εξωτερική Πολιτική.
Φωνή_Λογικής,Συμφωνία των Πρεσπών (2019),Εξωτερική Πολιτική,ΚΑΤΑ,Το κόμμα Φωνή_Λογικής ψήφισε 'ΚΑΤΑ' στο νομοσχέδιο 'Συμφωνία των Πρεσπών (2019)' που αφορά την κατηγορία: Εξωτερική Πολιτική.
Εθνικό_Κόμμα_Έλληνες,Συμφωνία των Πρεσπών (2019),Εξωτερική Πολιτική,ΚΑΤΑ,Το κόμμα Εθνικό_Κόμμα_Έλληνες ψήφισε 'ΚΑΤΑ' στο νομοσχέδιο 'Συμφωνία των Πρεσπών (2019)' που αφορά την κατηγορία: Εξωτερική Πολιτική.
ΝΔ,Αποστολή Στρατιωτικού Υλικού στην Ουκρανία (2022),Εξωτερική Πολιτική,ΥΠΕΡ,Το κόμμα ΝΔ ψήφισε 'ΥΠΕΡ' στο νομοσχέδιο 'Αποστολή Στρατιωτικού Υλικού στην Ουκρανία (2022)' που αφορά την κατηγορία: Εξωτερική Πολιτική.
ΕΛΑΣ,Αποστολή Στρατιωτικού Υλικού στην Ουκρανία (2022),Εξωτερική Πολιτική,ΚΑΤΑ,Το κόμμα ΕΛΑΣ ψήφισε 'ΚΑΤΑ' στο νομοσχέδιο 'Αποστολή Στρατιωτικού Υλικού στην Ουκρανία (2022)' που αφορά την κατηγορία: Εξωτερική Πολιτική.
ΠΑΣΟΚ,Αποστολή Στρατιωτικού Υλικού στην Ουκρανία (2022),Εξωτερική Πολιτική,ΥΠΕΡ,Το κόμμα ΠΑΣΟΚ ψήφισε 'ΥΠΕΡ' στο νομοσχέδιο 'Αποστολή Στρατιωτικού Υλικού στην Ουκρανία (2022)' που αφορά την κατηγορία: Εξωτερική Πολιτική.
ΚΚΕ,Αποστολή Στρατιωτικού Υλικού στην Ουκρανία (2022),Εξωτερική Πολιτική,ΚΑΤΑ,Το κόμμα ΚΚΕ ψήφισε 'ΚΑΤΑ' στο νομοσχέδιο 'Αποστολή Στρατιωτικού Υλικού στην Ουκρανία (2022)' που αφορά την κατηγορία: Εξωτερική Πολιτική.
Ελληνική_Λύση,Αποστολή Στρατιωτικού Υλικού στην Ουκρανία (2022),Εξωτερική Πολιτική,ΚΑΤΑ,Το κόμμα Ελληνική_Λύση ψήφισε 'ΚΑΤΑ' στο νομοσχέδιο 'Αποστολή Στρατιωτικού Υλικού στην Ουκρανία (2022)' που αφορά την κατηγορία: Εξωτερική Πολιτική.
Πλεύση_Ελευθερίας,Αποστολή Στρατιωτικού Υλικού στην Ουκρανία (2022),Εξωτερική Πολιτική,ΚΑΤΑ,Το κόμμα Πλεύση_Ελευθερίας ψήφισε 'ΚΑΤΑ' στο νομοσχέδιο 'Αποστολή Στρατιωτικού Υλικού στην Ουκρανία (2022)' που αφορά την κατηγορία: Εξωτερική Πολιτική.
ΜέΡΑ25,Αποστολή Στρατιωτικού Υλικού στην Ουκρανία (2022),Εξωτερική Πολιτική,ΚΑΤΑ,Το κόμμα ΜέΡΑ25 ψήφισε 'ΚΑΤΑ' στο νομοσχέδιο 'Αποστολή Στρατιωτικού Υλικού στην Ουκρανία (2022)' που αφορά την κατηγορία: Εξωτερική Πολιτική.
Φωνή_Λογικής,Αποστολή Στρατιωτικού Υλικού στην Ουκρανία (2022),Εξωτερική Πολιτική,ΥΠΕΡ,Το κόμμα Φωνή_Λογικής ψήφισε 'ΥΠΕΡ' στο νομοσχέδιο 'Αποστολή Στρατιωτικού Υλικού στην Ουκρανία (2022)' που αφορά την κατηγορία: Εξωτερική Πολιτική.
Εθνικό_Κόμμα_Έλληνες,Αποστολή Στρατιωτικού Υλικού στην Ουκρανία (2022),Εξωτερική Πολιτική,ΚΑΤΑ,Το κόμμα Εθνικό_Κόμμα_Έλληνες ψήφισε 'ΚΑΤΑ' στο νομοσχέδιο 'Αποστολή Στρατιωτικού Υλικού στην Ουκρανία (2022)' που αφορά την κατηγορία: Εξωτερική Πολιτική.
ΝΔ,Νομοσχέδιο για την Ψυχιατρική Μεταρρύθμιση (2024),Υγεία,ΥΠΕΡ,Το κόμμα ΝΔ ψήφισε 'ΥΠΕΡ' στο νομοσχέδιο 'Νομοσχέδιο για την Ψυχιατρική Μεταρρύθμιση (2024)' που αφορά την κατηγορία: Υγεία.
ΕΛΑΣ,Νομοσχέδιο για την Ψυχιατρική Μεταρρύθμιση (2024),Υγεία,ΚΑΤΑ,Το κόμμα ΕΛΑΣ ψήφισε 'ΚΑΤΑ' στο νομοσχέδιο 'Νομοσχέδιο για την Ψυχιατρική Μεταρρύθμιση (2024)' που αφορά την κατηγορία: Υγεία.
ΠΑΣΟΚ,Νομοσχέδιο για την Ψυχιατρική Μεταρρύθμιση (2024),Υγεία,ΚΑΤΑ,Το κόμμα ΠΑΣΟΚ ψήφισε 'ΚΑΤΑ' στο νομοσχέδιο 'Νομοσχέδιο για την Ψυχιατρική Μεταρρύθμιση (2024)' που αφορά την κατηγορία: Υγεία.
ΚΚΕ,Νομοσχέδιο για την Ψυχιατρική Μεταρρύθμιση (2024),Υγεία,ΚΑΤΑ,Το κόμμα ΚΚΕ ψήφισε 'ΚΑΤΑ' στο νομοσχέδιο 'Νομοσχέδιο για την Ψυχιατρική Μεταρρύθμιση (2024)' που αφορά την κατηγορία: Υγεία.
Ελληνική_Λύση,Νομοσχέδιο για την Ψυχιατρική Μεταρρύθμιση (2024),Υγεία,ΚΑΤΑ,Το κόμμα Ελληνική_Λύση ψήφισε 'ΚΑΤΑ' στο νομοσχέδιο 'Νομοσχέδιο για την Ψυχιατρική Μεταρρύθμιση (2024)' που αφορά την κατηγορία: Υγεία.
Πλεύση_Ελευθερίας,Νομοσχέδιο για την Ψυχιατρική Μεταρρύθμιση (2024),Υγεία,ΚΑΤΑ,Το κόμμα Πλεύση_Ελευθερίας ψήφισε 'ΚΑΤΑ' στο νομοσχέδιο 'Νομοσχέδιο για την Ψυχιατρική Μεταρρύθμιση (2024)' που αφορά την κατηγορία: Υγεία.
ΜέΡΑ25,Νομοσχέδιο για την Ψυχιατρική Μεταρρύθμιση (2024),Υγεία,ΚΑΤΑ,Το κόμμα ΜέΡΑ25 ψήφισε 'ΚΑΤΑ' στο νομοσχέδιο 'Νομοσχέδιο για την Ψυχιατρική Μεταρρύθμιση (2024)' που αφορά την κατηγορία: Υγεία.
Φωνή_Λογικής,Νομοσχέδιο για την Ψυχιατρική Μεταρρύθμιση (2024),Υγεία,ΥΠΕΡ,Το κόμμα Φωνή_Λογικής ψήφισε 'ΥΠΕΡ' στο νομοσχέδιο 'Νομοσχέδιο για την Ψυχιατρική Μεταρρύθμιση (2024)' που αφορά την κατηγορία: Υγεία.
Εθνικό_Κόμμα_Έλληνες,Νομοσχέδιο για την Ψυχιατρική Μεταρρύθμιση (2024),Υγεία,ΚΑΤΑ,Το κόμμα Εθνικό_Κόμμα_Έλληνες ψήφισε 'ΚΑΤΑ' στο νομοσχέδιο 'Νομοσχέδιο για την Ψυχιατρική Μεταρρύθμιση (2024)' που αφορά την κατηγορία: Υγεία.
ΝΔ,Δικαστικός Χάρτης (Συγχωνεύσεις Δικαστηρίων) (2024),Δικαιοσύνη,ΥΠΕΡ,Το κόμμα ΝΔ ψήφισε 'ΥΠΕΡ' στο νομοσχέδιο 'Δικαστικός Χάρτης (Συγχωνεύσεις Δικαστηρίων) (2024)' που αφορά την κατηγορία: Δικαιοσύνη.
ΕΛΑΣ,Δικαστικός Χάρτης (Συγχωνεύσεις Δικαστηρίων) (2024),Δικαιοσύνη,ΚΑΤΑ,Το κόμμα ΕΛΑΣ ψήφισε 'ΚΑΤΑ' στο νομοσχέδιο 'Δικαστικός Χάρτης (Συγχωνεύσεις Δικαστηρίων) (2024)' που αφορά την κατηγορία: Δικαιοσύνη.
ΠΑΣΟΚ,Δικαστικός Χάρτης (Συγχωνεύσεις Δικαστηρίων) (2024),Δικαιοσύνη,ΚΑΤΑ,Το κόμμα ΠΑΣΟΚ ψήφισε 'ΚΑΤΑ' στο νομοσχέδιο 'Δικαστικός Χάρτης (Συγχωνεύσεις Δικαστηρίων) (2024)' που αφορά την κατηγορία: Δικαιοσύνη.
ΚΚΕ,Δικαστικός Χάρτης (Συγχωνεύσεις Δικαστηρίων) (2024),Δικαιοσύνη,ΚΑΤΑ,Το κόμμα ΚΚΕ ψήφισε 'ΚΑΤΑ' στο νομοσχέδιο 'Δικαστικός Χάρτης (Συγχωνεύσεις Δικαστηρίων) (2024)' που αφορά την κατηγορία: Δικαιοσύνη.
Ελληνική_Λύση,Δικαστικός Χάρτης (Συγχωνεύσεις Δικαστηρίων) (2024),Δικαιοσύνη,ΚΑΤΑ,Το κόμμα Ελληνική_Λύση ψήφισε 'ΚΑΤΑ' στο νομοσχέδιο 'Δικαστικός Χάρτης (Συγχωνεύσεις Δικαστηρίων) (2024)' που αφορά την κατηγορία: Δικαιοσύνη.
Πλεύση_Ελευθερίας,Δικαστικός Χάρτης (Συγχωνεύσεις Δικαστηρίων) (2024),Δικαιοσύνη,ΚΑΤΑ,Το κόμμα Πλεύση_Ελευθερίας ψήφισε 'ΚΑΤΑ' στο νομοσχέδιο 'Δικαστικός Χάρτης (Συγχωνεύσεις Δικαστηρίων) (2024)' που αφορά την κατηγορία: Δικαιοσύνη.
ΜέΡΑ25,Δικαστικός Χάρτης (Συγχωνεύσεις Δικαστηρίων) (2024),Δικαιοσύνη,ΚΑΤΑ,Το κόμμα ΜέΡΑ25 ψήφισε 'ΚΑΤΑ' στο νομοσχέδιο 'Δικαστικός Χάρτης (Συγχωνεύσεις Δικαστηρίων) (2024)' που αφορά την κατηγορία: Δικαιοσύνη.
Φωνή_Λογικής,Δικαστικός Χάρτης (Συγχωνεύσεις Δικαστηρίων) (2024),Δικαιοσύνη,ΥΠΕΡ,Το κόμμα Φωνή_Λογικής ψήφισε 'ΥΠΕΡ' στο νομοσχέδιο 'Δικαστικός Χάρτης (Συγχωνεύσεις Δικαστηρίων) (2024)' που αφορά την κατηγορία: Δικαιοσύνη.
Εθνικό_Κόμμα_Έλληνες,Δικαστικός Χάρτης (Συγχωνεύσεις Δικαστηρίων) (2024),Δικαιοσύνη,ΚΑΤΑ,Το κόμμα Εθνικό_Κόμμα_Έλληνες ψήφισε 'ΚΑΤΑ' στο νομοσχέδιο 'Δικαστικός Χάρτης (Συγχωνεύσεις Δικαστηρίων) (2024)' που αφορά την κατηγορία: Δικαιοσύνη.
